CandidateDiseaseCode,CandidateDiseaseNameEn,CandidateDiseaseNameVi,SuggestedGroupCode,MatchedKeyword,EvidenceField,EvidenceCount,SampleDrugNames,EvidenceSnippet,Action
CAND-DIS-0001,Skin Cancer,,CANCER,Skin Cancer,KnownIndications; SideEffectsWarnings,32,"OCTISALATE, TITANIUM DIOXIDE (FOREVER SKIN GLOW 24h wear radiant foundation Perfection and hydration Concentrated floral skincare with suncreen Broad spectrum SPF 15 00); AVOBENZONE, HOMOSALATE, OCTISALATE, AND OCTOCRYLENE (Olay Regenerist Regenerating with Sunscreen Broad Spectrum SPF 15); OCTINOXATE, AVOBENZONE, AND OCTOCRYLENE (Nu Skin Sunright Lip Balm Broad Spectrum SPF 15); TITANIUM DIOXIDE, ZINC OXIDE (Neutrogena Mineral Invisible Daily Defense Face Sunscreen Broad Spectrum SPF 30); SUNSCREEN (Private Label Moisturizing Oil Free Paraben Free SPF43)","Uses Helps prevent sunburn. If used as directed with other sun protection measures ( ), decreases the risk of skin cancer and early skin aging caused by the sun. see Directions || Uses helps prevent sunburn if used as directed with other sun protection measures (see Directions ), decreases the risk of skin cancer and early skin aging caused by the sun || Use Helps prevent sunburn. Higher SPF gives more sunburn protection. If used as directed with other sun protection measures (see Directions ), decreases the risk of skin cancer and early skin aging caused by the sun.",NEED_REVIEW
CAND-DIS-0002,Skin Cancer and Early Skin Aging,,CANCER,Skin Cancer and Early Skin Aging,KnownIndications; SideEffectsWarnings,29,"OCTISALATE, TITANIUM DIOXIDE (FOREVER SKIN GLOW 24h wear radiant foundation Perfection and hydration Concentrated floral skincare with suncreen Broad spectrum SPF 15 00); AVOBENZONE, HOMOSALATE, OCTISALATE, AND OCTOCRYLENE (Olay Regenerist Regenerating with Sunscreen Broad Spectrum SPF 15); OCTINOXATE, AVOBENZONE, AND OCTOCRYLENE (Nu Skin Sunright Lip Balm Broad Spectrum SPF 15); TITANIUM DIOXIDE, ZINC OXIDE (Neutrogena Mineral Invisible Daily Defense Face Sunscreen Broad Spectrum SPF 30); SUNSCREEN (Private Label Moisturizing Oil Free Paraben Free SPF43)","Uses Helps prevent sunburn. If used as directed with other sun protection measures ( ), decreases the risk of skin cancer and early skin aging caused by the sun. see Directions || Uses helps prevent sunburn if used as directed with other sun protection measures (see Directions ), decreases the risk of skin cancer and early skin aging caused by the sun || Use Helps prevent sunburn. Higher SPF gives more sunburn protection. If used as directed with other sun protection measures (see Directions ), decreases the risk of skin cancer and early skin aging caused by the sun.",NEED_REVIEW
CAND-DIS-0003,Diabetes Mellitus,Đái tháo đường,METABOLIC,Diabetes Mellitus,ContraindicationsInteractions; KnownIndications; SideEffectsWarnings,28,VARENICLINE (Varenicline); FLUDROCORTISONE ACETATE (Fludrocortisone Acetate); AMLODIPINE BESYLATE (Amlodipine Besylate); PREDNISONE (PredniSONE); LEVONORGESTREL AND ETHINYL ESTRADIOL (Iclevia),"on test abnormal, weight increased. Infrequent: electrocardiogram abnormal. Rare: muscle enzyme increased, urine analysis abnormal. Metabolism and Nutrition Disorders. Infrequent: diabetes mellitus, hypoglycemia. Rare: hyperlipidemia, hypokalemia. Musculoskeletal and Connective Tissue Disorders. Frequent: arthralgia, back pain, myalgia. Infrequent: arthritis, muscle cramp, m || dary adrenocortical and pituitary unresponsiveness, particularly in times of stress (e.g., trauma, surgery, or illness); decreased carbohydrate tolerance; manifestations of latent diabetes mellitus; and increased requirements for insulin or oral hypoglycemic agents in diabetics. Ophthalmic – posterior subcapsular cataracts, increased intraocular pressure, glaucoma, and exoph || se of amlodipine. Postmarketing reporting has also revealed a possible association between extrapyramidal disorder and amlodipine. Amlodipine has been used safely in patients with chronic obstructive pulmonary disease, well-compensated co",NEED_REVIEW
CAND-DIS-0004,Pulmonary Embolism,,CARDIO,Pulmonary Embolism,ContraindicationsInteractions; KnownIndications; SideEffectsWarnings,27,VARENICLINE (Varenicline); BUPROPION HYDROCHLORIDE (buPropion Hydrochloride XL); LORLATINIB (Lorbrena); TRANEXAMIC ACID (tranexamic acid); LEVONORGESTREL AND ETHINYL ESTRADIOL (Iclevia),"atory, Thoracic and Mediastinal Disorders. Frequent: respiratory disorders. Infrequent: asthma, epistaxis, rhinitis allergic, upper respiratory tract inflammation. Rare: pleurisy, pulmonary embolism. Skin and Subcutaneous Tissue Disorders. Infrequent: acne, dry skin, eczema, erythema, hyperhidrosis, urticaria. Rare: photosensitivity reaction, psoriasis. Vascular Disorders. In || y, and malaise. Cardiovascular Postural hypotension, hypertension, stroke, vasodilation, syncope, complete atrioventricular block, extrasystoles, myocardial infarction, phlebitis, pulmonary embolism, and Brugada pattern/syndrome. Digestive Abnormal liver function, bruxism, gastric reflux, gingivitis, glossitis, increased salivation, jaundice, mouth ulcers, stomatitis, thirst, || pyrexia (2.0%). Fatal adverse reactions occurred in 3.4% of patients treated with LORBRENA and included pneumonia (0.7%), respiratory failure (0.7%), cardiac failure acute (0.7%), pulmonary embolism (0.7%), and sudden death (0.7%). Perm",NEED_REVIEW
CAND-DIS-0005,Diabetes,,METABOLIC,Diabetes,ContraindicationsInteractions; KnownIndications; SideEffectsWarnings,26,SACUBITRIL AND VALSARTAN (ENTRESTO); AMLODIPINE BESYLATE (Amlodipine Besylate); VERAPAMIL HYDROCHLORIDE (Verapamil Hydrochloride); VALSARTAN (Valsartan); LISINOPRIL AND HYDROCHLOROTHIAZIDE TABLETS (Lisinopril and Hydrochlorothiazide),"ponent. ( 4 ) History of angioedema related to previous ACEi or ARB therapy. ( 4 ) Concomitant use with ACE inhibitors. ( 4 , 7.1 ) Concomitant use with aliskiren in patients with diabetes. ( 4 , 7.1 ) || ponent. ( 4 ) History of angioedema related to previous ACEi or ARB therapy. ( 4 ) Concomitant use with ACE inhibitors. ( 4 , 7.1 ) Concomitant use with aliskiren in patients with diabetes. ( 4 , 7.1 ) || across populations with varying absolute risk, so the absolute benefit is greater in patients who are at higher risk independent of their hypertension (for example, patients with diabetes or hyperlipidemia), and such patients would be expected to benefit from more aggressive treatment to a lower blood pressure goal. Some antihypertensive drugs have smaller blood pressure effects (as monotherapy) in black patients, and many antihypertensive drugs have additional approved indications and effec",NEED_REVIEW
CAND-DIS-0006,Psoriasis,Vảy nến,DERMATOLOGY,Psoriasis,KnownIndications; SideEffectsWarnings,25,HYDROCORTISONE (anti itch); VARENICLINE (Varenicline); PREDNISONE (PredniSONE); LEFLUNOMIDE (Leflunomide); TRAZODONE HYDROCHLORIDE (Trazodone Hydrochloride),"Uses • temporarily relieves itching associated with minor skin irritations, inflammation, and rashes due to: • eczema • psoriasis • poison ivy, oak, sumac • insect bites • detergents • jewelry • cosmetics • soaps • seborrheic dermatitis • temporarily relieves external anal and genital itching • other uses of || are: pleurisy, pulmonary embolism. Skin and Subcutaneous Tissue Disorders. Infrequent: acne, dry skin, eczema, erythema, hyperhidrosis, urticaria. Rare: photosensitivity reaction, psoriasis. Vascular Disorders. Infrequent: hot flush. Rare: thrombosis. Varenicline has also been studied in postmarketing trials including (1) a trial conducted in patients with chronic ob || carditis 4. Dermatologic Diseases Pemphigus Bullous dermatitis herpetiformis Severe erythema multiforme (Stevens-Johnson syndrome) Exfoliative dermatitis Mycosis fungoides Severe psoriasis Severe seborrheic dermatitis 5. Allergic States Control of severe or incapacitating allergic conditions intractable to adequa",NEED_REVIEW
CAND-DIS-0007,Ulcerative Colitis,,DIGESTIVE,Ulcerative Colitis,ContraindicationsInteractions; KnownIndications; MechanismOfAction; SideEffectsWarnings,23,NAPROXEN (Naproxen); KETOROLAC TROMETHAMINE (Ketorolac Tromethamine); PREDNISONE (PredniSONE); INDOMETHACIN (Indomethacin); LANSOPRAZOLE (Lansoprazole),"), ulceration, perforation and obstruction of the upper or lower gastrointestinal tract. Esophagitis, stomatitis, hematemesis, colitis, exacerbation of inflammatory bowel disease (ulcerative colitis, Crohn’s disease). Hepatobiliary: abnormal liver function tests, hepatitis (some cases have been fatal) Hemic and Lymphatic: eosinophilia, leucopenia, granulocytopenia, hemolytic || ing Stevens-Johnson syndrome and toxic epidermal necrolysis Gastrointestinal: acute pancreatitis, liver failure, ulcerative stomatitis, exacerbation of inflammatory bowel disease (ulcerative colitis, Crohn's disease) Hemic and Lymphatic: agranulocytosis, aplastic anemia, hemolytic anemia, lymphadenopathy, pancytopenia, post operative wound hemorrhage (rarely requiring blood t || high risk patients, alternate therapies that do not involve NSAIDs should be considered. NSAIDs should be given with care to patients with a history of inflammatory bowel disease (ulcerative colitis, Crohn's disease) as their condition m",NEED_REVIEW
CAND-DIS-0008,Bipolar Disorder,Rối loạn lưỡng cực,MENTAL,Bipolar Disorder,KnownIndications; MechanismOfAction; SideEffectsWarnings,20,SERTRALINE HYDROCHLORIDE (Sertraline Hydrochloride); AMPHETAMINE SULFATE (Amphetamine Sulfate); DIVALPROEX SODIUM (Divalproex Sodium); LAMOTRIGINE (Lamotrigine); AMITRIPTYLINE HYDROCHLORIDE (Amitriptyline Hydrochloride),"ms should be adequately screened to determine if they are at risk for bipolar disorder; such screening should include a detailed psychiatric history, including a family history of suicide, bipolar disorder, and depression. It should be noted that sertraline hydrochloride is not approved for use in treating bipolar depression. Serotonin Syndrome: The development of a potentially life-threatening ser || aline hydrochloride should be written for the smallest quantity of tablets consistent with good patient management, in order to reduce the risk of overdose. Screening Patients for Bipolar Disorder: A major depressive episode may be the initial presentation of bipolar disorder. It is generally believed (though not established in controlled trials) that treating such an episo || stent with good patient management, in order to reduce the risk of overdose. Screening Patients for Bipolar Disorder: A major depressive episode may be the initial presentation of bipolar disorder. It is generally b",NEED_REVIEW
CAND-DIS-0009,Deep Vein Thrombosis,,CARDIO,Deep Vein Thrombosis,ContraindicationsInteractions; KnownIndications; SideEffectsWarnings,12,TRANEXAMIC ACID (tranexamic acid); LEVONORGESTREL AND ETHINYL ESTRADIOL (Iclevia); DOCETAXEL ANHYDROUS (Docetaxel); CELECOXIB (CELECOXIB); ESTRADIOL (Estradiol Vaginal),"olve with dose-reduction. Allergic dermatitis and giddiness have been reported. Hypotension has been reported when intravenous injection is too rapid. Thromboembolic events (e.g., deep vein thrombosis, pulmonary embolism, cerebral thrombosis, acute renal cortical necrosis, and central retinal artery, vein obstruction and cases associated with concomitant use of combination horm || or venous thrombotic diseases. Examples include females who are known to: Smoke, if over age 35 [see Boxed Warning and Warnings and Precautions (5.1) ]. Have current or history of deep vein thrombosis or pulmonary embolism [see Warnings and Precautions (5.1) ]. Have cerebrovascular disease [see Warnings and Precautions (5.1) ]. Have coronary artery disease [see Warnings and Precautions (5.1) ]. Have thrombogenic valvular or thrombo || or venous thrombotic diseases. Examples include females who are known to: Smoke, if over age 35 [see Boxed Warning and Warnings and Precautions (5.1) ]. Have current or history ",NEED_REVIEW
CAND-DIS-0010,Prostate Cancer,,CANCER,Prostate Cancer,KnownIndications; SideEffectsWarnings,10,MIRABEGRON (MIRABEGRON); LEUPROLIDE ACETATE (Vabrinty); ZOLEDRONIC ACID (Zoledronic acid); DOCETAXEL ANHYDROUS (Docetaxel); FINASTERIDE (Finasteride),"inuation in Studies 1, 2, and 3 for the 25 mg or 50 mg dose were nausea, headache, hypertension, diarrhea, constipation, dizziness, and tachycardia. Atrial fibrillation (0.2%) and prostate cancer (0.1%) were reported as serious adverse events by more than 1 patient and at a rate greater than placebo. Table 8 lists the adverse reactions, derived from all adverse events, tha || ive control once daily, respectively. Neoplasms reported by 2 patients treated with mirabegron extended-release tablets 100 mg included breast cancer, lung neoplasm malignant, and prostate cancer. A causal relationship between mirabegron and these reported neoplasms has not been established. In a separate clinical study in Japan, a single case was reported as Stevens-Johns || 1 INDICATIONS AND USAGE VABRINTY is indicated for the treatment of advanced prostate cancer. VABRINTY is a gonadotropin releasing hormone (GnRH) agonist indicated for the treatment of advanced prostate cancer. ( 1 )",NEED_REVIEW
CAND-DIS-0011,Obstructive Pulmonary Disease,,RESPIRATORY,Chronic Obstructive Pulmonary Disease; Obstructive Pulmonary Disease,ContraindicationsInteractions; KnownIndications; SideEffectsWarnings,9,VARENICLINE (Varenicline); AMLODIPINE BESYLATE (Amlodipine Besylate); POMALIDOMIDE (Pomalidomide); PENTAZOCINE HYDROCHLORIDE AND NALOXONE HYDROCHLORIDE (PENTAZOCINE HYDROCHLORIDE AND NALOXONE HYDROCHLORIDE); TIOTROPIUM BROMIDE AND OLODATEROL (Stiolto Respimat),"psoriasis. Vascular Disorders. Infrequent: hot flush. Rare: thrombosis. Varenicline has also been studied in postmarketing trials including (1) a trial conducted in patients with chronic obstructive pulmonary disease (COPD), (2) a trial conducted in generally healthy patients (similar to those in the premarketing studies) in which they were allowed to select a quit date between days 8 and 35 o || se of amlodipine. Postmarketing reporting has also revealed a possible association between extrapyramidal disorder and amlodipine. Amlodipine has been used safely in patients with chronic obstructive pulmonary disease, well-compensated congestive heart failure, coronary artery disease, peripheral vascular disease, diabetes mellitus, and abnormal lipid profiles. || se of amlodipine. Postmarketing reporting has also revealed a possible association between extrapyramidal disorder and amlodipine. Amlodipine has been used safely in patients with chronic obstructive pulmonary disease, well-compensat",NEED_REVIEW
CAND-DIS-0012,Irritable Bowel Syndrome,,DIGESTIVE,Irritable Bowel Syndrome,KnownIndications; SideEffectsWarnings,7,POLYETHYLENE GLYCOL 3350 (purelax); LUBIPROSTONE (Lubiprostone); DICYCLOMINE HYDROCHLORIDE (Dicyclomine hydrochloride); CHLORDIAZEPOXIDE HYDROCHLORIDE AND CLIDINIUM BROMIDE (Chlordiazepoxide Hydrochloride and Clidinium Bromide); HYOSCYAMINE SULFATE (Hyoscyamine ER),"t under the advice and supervision of a doctor Ask a doctor before use if you have • nausea, vomiting or abdominal pain • a sudden change in bowel habits that lasts over 2 weeks • irritable bowel syndrome Ask a doctor or pharmacist before use if you are taking a prescription drug When using this product you may have loose, watery, more frequent stools Stop use and ask a doctor if • || .2 ) Limitations of Use: Effectiveness of lubiprostone in the treatment of OIC in patients taking diphenylheptane opioids (e.g., methadone) has not been established. ( 1.2 , 7.1 ) irritable bowel syndrome with constipation (IBS-C) in women ≥ 18 years old. ( 1.3 ) 1.1 Chronic Idiopathic Constipation in Adults Lubiprostone is indicated for the treatment of chronic idiopathic constipa || iprostone in the treatment of opioid-induced constipation in patients taking diphenylheptane opioids (e.g., methadone) has not been established. [see Clinical Studies (14.2) ] 1.3 Irritable Bowel Syndrome with Constipation L",NEED_REVIEW
CAND-DIS-0013,Latent Tuberculosis,,INFECTIOUS,Latent Tuberculosis,SideEffectsWarnings,7,FLUDROCORTISONE ACETATE (Fludrocortisone Acetate); PREDNISONE (PredniSONE); HYDROCORTISONE ACETATE (Cortifoam); BETAMETHASONE SODIUM PHOSPHATE AND BETAMETHASONE ACETATE (Betaloan SUIK); DEXAMETHASONE (Dexamethasone),"tuberculosis in which the corticosteroid is used for the management of the disease in conjunction with an appropriate antituberculous regimen. If corticosteroids are indicated in patients with latent tuberculosis or tuberculin reactivity, close observation is necessary since reactivation of the disease may occur. During prolonged corticosteroid therapy these patients should receive chemoprophylaxis. Children who are on immunosuppressant drugs are more susceptible to infections than health || tuberculosis in which the corticosteroid is used for the management of the disease in conjunction with an appropriate anti-tuberculous regimen. If corticosteroids are indicated in patients with latent tuberculosis or tuberculin reactivity, close observation is necessary as reactivation of the disease may occur. During prolonged corticosteroid therapy, these patients should receive chemoprophylaxis. Children who are on immunosuppressant drugs are more susceptible to infections than healt || ed by se",NEED_REVIEW
CAND-DIS-0014,Liver Disease,,OTHER,Liver Disease,ContraindicationsInteractions; KnownIndications; SideEffectsWarnings,7,LEFLUNOMIDE (Leflunomide); FENOFIBRATE (Fenofibrate); ENOXAPARIN SODIUM (Enoxaparin Sodium); PENICILLAMINE (Penicillamine); LOVASTATIN (Lovastatin),"aindicated in patients with severe hepatic impairment. Concomitant use of leflunomide with other potentially hepatotoxic drugs may increase the risk of liver injury. Patients with pre-existing acute or chronic liver disease, or those with serum alanine aminotransferase (ALT) >2xULN before initiating treatment, are at increased risk and should not be treated with leflunomide. Monitor ALT levels at least monthly for six months after starting leflunomide, and thereafter every 6 to 8 weeks. If leflu || hers ( 4 , 8.2 ). Fenofibrate is contraindicated in: patients with severe renal impairment, including those receiving dialysis [see CLINICAL PHARMACOLOGY ( 12.3 )] . patients with active liver disease, including those with primary biliary cirrhosis and unexplained persistent liver function abnormalities [see WARNINGS AND PRECAUTIONS ( 5.2 )] . patients with preexisting gallbladd || hers ( 4 , 8.2 ). Fenofibrate is contraindicated in: patients with severe renal impairment, including those rec",NEED_REVIEW
CAND-DIS-0015,Serotonin Syndrome,,OTHER,Serotonin Syndrome,ContraindicationsInteractions; SideEffectsWarnings,7,SERTRALINE HYDROCHLORIDE (Sertraline Hydrochloride); DULOXETINE HYDROCHLORIDE (Duloxetine Delayed-Release); VENLAFAXINE (Venlafaxine); NORTRIPTYLINE HYDROCHLORIDE (NORTRIPTYLINE HYDROCHLORIDE); FLUOXETINE HYDROCHLORIDE (Fluoxetine),ting Sertraline hydrochloride in a patient who is being treated with MAOIs such as linezolid or intravenous methyelene blue is also contraindicated because of an increased risk of serotonin syndrome (see WARNINGS and DOSAGE AND ADMINISTRATION). Concomitant use in patients taking pimozide is contraindicated (see PRECAUTIONS ). Sertraline is contraindicated in patients with a hypersensitivity to sertraline or any of the i || sorders with Duloxetine delayed-release capsules or within 5 days of stopping treatment with Duloxetine delayed-release capsules is contraindicated because of an increased risk of serotonin syndrome. The use of Duloxetine delayed-release capsules within 14 days of stopping an MAOI intended to treat psychiatric disorders is contraindicated [see Dosage and Administration (2.8) || sorders with Duloxetine delayed-release capsules or within 5 days of stopping treatment with Duloxetine delayed-release capsules is contraindicated because of an increased risk of serotonin sy,NEED_REVIEW
CAND-DIS-0016,Acne Vulgaris,,DERMATOLOGY,Acne Vulgaris,KnownIndications; MechanismOfAction; SideEffectsWarnings,6,"ERYTHROMYCIN (erythromycin); CLINDAMYCIN PHOSPHATE (Clindamycin Phosphate); TAZAROTENE (TAZORAC); SULFACETAMIDE SODIUM, SULFUR (SODIUM SULFACETAMIDE AND SULFUR)","INDICATIONS AND USAGE Erythromycin Topical Solution USP, 2% is indicated for the topical treatment of acne vulgaris. || INDICATIONS AND USAGE Clindamycin phosphate topical lotion is indicated in the treatment of acne vulgaris. In view of the potential for diarrhea, bloody diarrhea and pseudomembranous colitis, the physician should consider whether other agents are more appropriate (see CONTRAINDICATION || Mechanism of Action The mechanism of action of clindamycin in treating acne vulgaris is unknown.",NEED_REVIEW
CAND-DIS-0017,Neonatal Opioid Withdrawal Syndrome,,OTHER,Neonatal Opioid Withdrawal Syndrome,SideEffectsWarnings,6,TRAMADOL HYDROCHLORIDE (TRAMADOL HYDROCHLORIDE); CODEINE SULFATE (Codeine sulfate); PENTAZOCINE HYDROCHLORIDE AND NALOXONE HYDROCHLORIDE (PENTAZOCINE HYDROCHLORIDE AND NALOXONE HYDROCHLORIDE); OXYCODONE HYDROCHLORIDE (Oxycodone Hydrochloride); ACETAMINOPHEN AND CODEINE PHOSPHATE (Acetaminophen and Codeine Phosphate),"rnings and Precautions (5.3), Drug Interactions (7)] . Neonatal Opioid Withdrawal Syndrome (NOWS) Advise pregnant women using opioids for an extended period of time of the risk of Neonatal Opioid Withdrawal Syndrome, which may be life-threatening if not recognized and treated. Ensure that management by neonatology experts will be available at delivery [see Warnings and Precautions (5.4)] . Opioid Analgesic Risk Evaluation and Mitigation Strategy (REMS) || ired; and follow patients for signs and symptoms of respiratory depression and sedation. (5.3, 7) Advise pregnant women using opioids for an extended period of time of the risk of Neonatal Opioid Withdrawal Syndrome, which may be lifethreatening if not recognized and treated. Ensure that management by neonatology experts will be available at delivery. (5.4) • Healthcare providers are strongly encouraged to complete a REMS-compliant education program a || gs and Precautions ( 5.3 ), Drug Interactions ( 7 )] . Neonatal Opioid Withdrawal",NEED_REVIEW
CAND-DIS-0018,Respiratory Depression,,RESPIRATORY,Respiratory Depression,SideEffectsWarnings,6,TRAMADOL HYDROCHLORIDE (TRAMADOL HYDROCHLORIDE); CODEINE SULFATE (Codeine sulfate); PENTAZOCINE HYDROCHLORIDE AND NALOXONE HYDROCHLORIDE (PENTAZOCINE HYDROCHLORIDE AND NALOXONE HYDROCHLORIDE); OXYCODONE HYDROCHLORIDE (Oxycodone Hydrochloride); ACETAMINOPHEN AND CODEINE PHOSPHATE (Acetaminophen and Codeine Phosphate),"l respiratory depression may occur with use of tramadol hydrochloride extended-release tablets , especially during initiation or following a dosage increase. To reduce the risk of respiratory depression, proper dosing and titration of tramadol hydrochloride extended-release tablets are essential [see Warnings and Precautions (5.2)]. Instruct patients to swallow tramadol hydrochloride extended-release tablets whole to avoid exposure to a potentially fatal dose of tramadol [see Warnings and Precau || aviors and conditions. (5.1) Serious, life-threatening, or fatal respiratory depression may occur, especially upon initiation or following a dosage increase. To reduce the risk of respiratory depression, proper dosing and titration are essential. Instruct patients to swallow tramadol hydrochloride extended-release tablets whole to avoid exposure to a potentially fatal dose of tramadol. (5.2) Accidental ingestion of tramad || life-threatening, or fatal respiratory depression may occur with us",NEED_REVIEW
CAND-DIS-0019,Serotonin Syndrome See Warnings,,OTHER,Serotonin Syndrome See Warnings,ContraindicationsInteractions,6,SERTRALINE HYDROCHLORIDE (Sertraline Hydrochloride); ZIPRASIDONE (ziprasidone); TRAZODONE HYDROCHLORIDE (Trazodone Hydrochloride); CITALOPRAM HYDROBROMIDE (Citalopram); VENLAFAXINE (Venlafaxine),"ting Sertraline hydrochloride in a patient who is being treated with MAOIs such as linezolid or intravenous methyelene blue is also contraindicated because of an increased risk of serotonin syndrome (see WARNINGS and DOSAGE AND ADMINISTRATION). Concomitant use in patients taking pimozide is contraindicated (see PRECAUTIONS ). Sertraline is contraindicated in patients with a hypersensitivity to sertraline or any of the i || rasidone is contraindicated in patients taking, or within 14 days of stopping, MAOIs (including the MAOIs linezolid and intravenous methylene blue) because of an increased risk of serotonin syndrome [see Warnings and Precautions (5.4) , Drug Interaction (7.3) ]. || ients taking, or within 14 days of stopping, monoamine oxidase inhibitors (MAOIs), including MAOIs such as linezolid or intravenous methylene blue, because of an increased risk of serotonin syndrome [see Warnings and Precautions ( 5.2 ), Drug Interactions ( 7.1 )].",NEED_REVIEW
CAND-DIS-0020,type 1 Diabetes,,METABOLIC,type 1 Diabetes,ContraindicationsInteractions; KnownIndications; SideEffectsWarnings,6,GLIMEPIRIDE (Glimepiride); GLIPIZIDE (Glipizide); SITAGLIPTIN AND METFORMIN HYDROCHLORIDE (ZITUVIMET); COLESEVELAM HYDROCHLORIDE (COLESEVELAM HYDROCHLORIDE); DAPAGLIFLOZIN (FARXIGA),"to improve glycemic control in adults with type 2 diabetes mellitus [see Clinical Studies (14.1) ]. Limitations of Use Glimepiride tablets should not be used for the treatment of type 1 diabetes mellitus or diabetic ketoacidosis, as it would not be effective in these settings. Glimepiride tablets are a sulfonylurea indicated as an adjunct to diet and exercise to improve g || ets are a sulfonylurea indicated as an adjunct to diet and exercise to improve glycemic control in adults with type 2 diabetes mellitus ( 1 ). Limitations of Use: Not for treating type 1 diabetes mellitus or diabetic ketoacidosis ( 1 ). || CONTRAINDICATIONS Glipizide is contraindicated in patients with: 1. Known hypersensitivity to the drug. 2. Type 1 diabetes mellitus, diabetic ketoacidosis, with or without coma. This condition should be treated with insulin.",NEED_REVIEW
CAND-DIS-0021,Low-renin Hypertension,,CARDIO,Low-renin Hypertension,MechanismOfAction,5,LISINOPRIL AND HYDROCHLOROTHIAZIDE TABLETS (Lisinopril and Hydrochlorothiazide); LISINOPRIL AND HYDROCHLOROTHIAZIDE (Lisinopril and Hydrochlorothiazide); RAMIPRIL (Ramipril); LISINOPRIL (Lisinopril); AMLODIPINE AND BENAZEPRIL HYDROCHLORIDE (Amlodipine and Benazepril Hydrochloride),"gh which lisinopril lowers blood pressure is believed to be primarily suppression of the renin-angiotensin-aldosterone system, lisinopril is antihypertensive even in patients with low-renin hypertension. Although lisinopril was antihypertensive in all races studied, Black hypertensive patients (usually a low-renin hypertensive population) had a smaller average response to lisinop || gh which lisinopril lowers blood pressure is believed to be primarily suppression of the renin-angiotensin-aldosterone system, lisinopril is antihypertensive even in patients with low-renin hypertension. Although lisinopril was antihypertensive in all races studied, Black hypertensive patients (usually a low-renin hypertensive population) had a smaller average response to lisinop || gh which lisinopril lowers blood pressure is believed to be primarily suppression of the renin-angiotensin-aldosterone system, lisinopril is antihypertensive even in patients with low-renin hypertension. Although lisinopril was ",NEED_REVIEW
CAND-DIS-0022,Non-melanoma Skin Cancer,,CANCER,Non-melanoma Skin Cancer,SideEffectsWarnings,5,LISINOPRIL AND HYDROCHLOROTHIAZIDE TABLETS (Lisinopril and Hydrochlorothiazide); LISINOPRIL AND HYDROCHLOROTHIAZIDE (Lisinopril and Hydrochlorothiazide); OLMESARTAN MEDOXOMIL-HYDROCHLOROTHIAZIDE (olmesartan medoxomil-hydrochlorothiazide); HYDROCHLOROTHIAZIDE (Hydrochlorothiazide); TRIAMTERENE AND HYDROCHLOROTHIAZIDE (Triamterene and Hydrochlorothiazide),"itis), respiratory distress including pneumonitis and pulmonary edema, anaphylactic reactions. Non-melanoma Skin Cancer Hydrochlorothiazide is associated with an increased risk of non-melanoma skin cancer. In a study conducted in the Sentinel System, increased risk was predominantly for squamous cell carcinoma (SCC) and in white patients taking large cumulative doses. The increased || itis), respiratory distress including pneumonitis and pulmonary edema, anaphylactic reactions. Non-melanoma Skin Cancer Hydrochlorothiazide is associated with an increased risk of non-melanoma skin cancer. In a study conducted in the Sentinel System, increased risk was predominantly for squamous cell carcinoma (SCC) and in white patients taking large cumulative doses. The increased || ss including pneumonitis and pulmonary edema, anaphylactic reactions. Postmarketing Experience Non-melanoma Skin Cancer Hydrochlorothiazide is associated with an increased risk of non-melanoma skin cancer. In a study conduct",NEED_REVIEW
CAND-DIS-0023,Panic Disorder,,OTHER,Panic Disorder,KnownIndications; SideEffectsWarnings,5,SERTRALINE HYDROCHLORIDE (Sertraline Hydrochloride); FLUOXETINE HYDROCHLORIDE (Fluoxetine); ALPRAZOLAM (Alprazolam),"dying; (12) paresthesias (numbness or tingling sensations); (13) chills or hot flushes. The efficacy of Sertraline hydrochloride in maintaining a response, in adult patients with panic disorder who responded during a 52-week treatment phase while taking Sertraline hydrochloride and were then observed for relapse during a period of up to 28 weeks, was demonstrated in a pl || dying; (12) paresthesias (numbness or tingling sensations); (13) chills or hot flushes. The efficacy of Sertraline hydrochloride in maintaining a response, in adult patients with panic disorder who responded during a 52-week treatment phase while taking Sertraline hydrochloride and were then observed for relapse during a period of up to 28 weeks, was demonstrated in a pl || of Sertraline hydrochloride (incidence of at least 5% for Sertraline hydrochloride and at least twice that for placebo within at least one of the indications) for the treatment of adult patients with major depressive disorder/other*, OCD, panic d",NEED_REVIEW
CAND-DIS-0024,Psoriatic Arthritis,,AUTOIMMUNE,Psoriatic Arthritis,KnownIndications,5,PREDNISONE (PredniSONE); BETAMETHASONE SODIUM PHOSPHATE AND BETAMETHASONE ACETATE (Betaloan SUIK); DEXAMETHASONE (Dexamethasone); METHYLPREDNISOLONE (MethylPREDNISolone); DEXAMETHASONE SODIUM PHOSPHATE (Dexamethasone Sodium Phosphate),"d with cancer Nonsuppurative thyroiditis 2. Rheumatic Disorders As adjunctive therapy for short-term administration (to tide the patient over an acute episode or exacerbation) in: Psoriatic arthritis Rheumatoid arthritis, including juvenile rheumatoid arthritis (selected cases may require low-dose maintenance therapy) Ankylosing spondylitis Acute and subacute bursitis Acute no || ctive therapy for short-term administration (to tide the patient over an acute episode or exacerbation) in acute gouty arthritis; acute rheumatic carditis; ankylosing spondylitis; psoriatic arthritis; rheumatoid arthritis, including juvenile rheumatoid arthritis (selected cases may require low-dose maintenance therapy). For the treatment of dermatomyositis, polymyositis, and s || ctive therapy for short-term administration (to tide the patient over an acute episode or exacerbation) in acute gouty arthritis, acute rheumatic carditis, ankylosing spondylitis, psoriatic arthritis, rheumatoid arthritis, including j",NEED_REVIEW
CAND-DIS-0025,Renal Disease,,UROLOGY,Renal Disease,KnownIndications; SideEffectsWarnings,5,LISINOPRIL AND HYDROCHLOROTHIAZIDE TABLETS (Lisinopril and Hydrochlorothiazide); LISINOPRIL AND HYDROCHLOROTHIAZIDE (Lisinopril and Hydrochlorothiazide); CHLORTHALIDONE (Chlorthalidone); FUROSEMIDE (Furosemide); HYDROCHLOROTHIAZIDE (Hydrochlorothiazide),"should discontinue the ACE inhibitor and receive appropriate medical follow-up. Hydrochlorothiazide Thiazides should be used with caution in severe renal disease. In patients with renal disease, thiazides may precipitate azotemia. Cumulative effects of the drug may develop in patients with impaired renal function. Thiazides should be used with caution in patients with impaired hepatic function or progressi || ombocytopenia, and possibly other adverse reactions have occurred in the adult. Hydrochlorothiazide Thiazides should be used with caution in severe renal disease. In patients with renal disease, thiazides may precipitate azotemia. Cumulative effects of the drug may develop in patients with impaired renal function. Thiazides should be used with caution in patients with impaired hepatic function or progressi || te or severe, chlorthalidone dosage should be reduced or therapy withdrawn. Warnings: WARNINGS Chlorthalidone should be used with caution in severe renal disease. In patients",NEED_REVIEW
CAND-DIS-0026,Sick Sinus Syndrome,,OTHER,Sick Sinus Syndrome,ContraindicationsInteractions; SideEffectsWarnings,5,DILTIAZEM HYDROCHLORIDE (diltiazem hydrochloride); METOPROLOL TARTRATE (Metoprolol Tartrate); METOPROLOL SUCCINATE ER TABLETS (Metoprolol Succinate); METOPROLOL SUCCINATE (Metoprolol Succinate),"CONTRAINDICATIONS Diltiazem hydrochloride is contraindicated in (1) patients with sick sinus syndrome except in the presence of a functioning ventricular pacemaker, (2) patients with second- or third-degree AV block except in the presence of a functioning ventricular pacemaker, (3 || CONTRAINDICATIONS Diltiazem hydrochloride is contraindicated in (1) patients with sick sinus syndrome except in the presence of a functioning ventricular pacemaker, (2) patients with second- or third-degree AV block except in the presence of a functioning ventricular pacemaker, (3 || nings: WARNINGS Cardiac Conduction : Diltiazem hydrochloride prolongs AV node refractory periods without significantly prolonging sinus node recovery time, except in patients with sick sinus syndrome. This effect may rarely result in abnormally slow heart rates (particularly in patients with sick sinus syndrome) or second- or third-degree AV block (13 of 3290 patients or 0.40%",NEED_REVIEW
CAND-DIS-0027,Suicide Bipolar Disorder and Depression,,MENTAL,Suicide Bipolar Disorder and Depression,SideEffectsWarnings,5,SERTRALINE HYDROCHLORIDE (Sertraline Hydrochloride); AMITRIPTYLINE HYDROCHLORIDE (Amitriptyline Hydrochloride); VENLAFAXINE (Venlafaxine); NORTRIPTYLINE HYDROCHLORIDE (NORTRIPTYLINE HYDROCHLORIDE); IMIPRAMINE HYDROCHLORIDE (Imipramine Hydrochloride),"ms should be adequately screened to determine if they are at risk for bipolar disorder; such screening should include a detailed psychiatric history, including a family history of suicide, bipolar disorder, and depression. It should be noted that sertraline hydrochloride is not approved for use in treating bipolar depression. Serotonin Syndrome: The development of a potentially life-threatening ser || ms should be adequately screened to determine if they are at risk for bipolar disorder; such screening should include a detailed psychiatric history, including a family history of suicide, bipolar disorder, and depression. It should be noted that amitriptyline hydrochloride is not approved for use in treating bipolar depression. Amitriptyline hydrochloride may block the antihypertensive action of g || ms should be adequately screened to determine if they are at risk for bipolar disorder; such screening should include a detailed psychiatric history, including a family history of suicide, b",NEED_REVIEW
CAND-DIS-0028,This Syndrome Is Complicated,,OTHER,This Syndrome Is Complicated,SideEffectsWarnings,5,METOCLOPRAMIDE (Metoclopramide); PERPHENAZINE (perphenazine); HALOPERIDOL (Haloperidol); PROCHLORPERAZINE MALEATE (Prochlorperazine Maleate); CHLORPROMAZINE HYDROCHLORIDE (chlorpromazine hydrochloride),"sciousness, and evidence of autonomic instability (irregular pulse or blood pressure, tachycardia, diaphoresis and cardiac arrhythmias). The diagnostic evaluation of patients with this syndrome is complicated. In arriving at a diagnosis, it is important to identify cases where the clinical presentation includes both serious medical illness (e.g., pneumonia, systemic infection, etc.) an || sciousness, and evidence of autonomic instability (irregular pulse or blood pressure, tachycardia, diaphoresis and cardiac arrhythmias). The diagnostic evaluation of patients with this syndrome is complicated. In arriving at a diagnosis, it is important to identify cases where the clinical presentation includes both serious medical illness (e.g., pneumonia, systemic infection, etc.) an || al status and evidence of autonomic instability (irregular pulse or blood pressure, tachycardia, diaphoresis, and cardiac dysrhythmias). The diagnostic evaluation of patients with this syndrome is complicated. In arr",NEED_REVIEW
CAND-DIS-0029,Acne,,DERMATOLOGY,Acne,KnownIndications; SideEffectsWarnings,4,SALICYLIC ACID (Quick Action); ACNE SPOT TREATMENT (Clear Acne Spot Treatment); TAZAROTENE (TAZORAC); RESURFACING TREATMENT PADS (AHA/BHA Swipes),Use for the treatment of acne || Use for the treatment of acne || Use For the treatment of acne,NEED_REVIEW
CAND-DIS-0030,Although The Syndrome May Remit,,OTHER,Although The Syndrome May Remit,SideEffectsWarnings,4,PERPHENAZINE (perphenazine); HALOPERIDOL (Haloperidol); PROCHLORPERAZINE MALEATE (Prochlorperazine Maleate); CHLORPROMAZINE HYDROCHLORIDE (chlorpromazine hydrochloride),"red to the patient increase. However, the syndrome can develop, although much less commonly, after relatively brief treatment periods at low doses. There is no known treatment for established cases of tardive dyskinesia, although the syndrome may remit, partially or completely, if antipsychotic treatment is withdrawn. Antipsychotic treatment itself, however, may suppress (or partially suppress) the signs and symptoms of the syndrome, and thereby may possibly mask the underlying disease process || red to the patient increase. However, the syndrome can develop, although much less commonly, after relatively brief treatment periods at low doses. There is no known treatment for established cases of tardive dyskinesia, although the syndrome may remit, partially or completely, if antipsychotic treatment is withdrawn. Antipsychotic treatment, itself, however, may suppress (or partially suppress) the signs and symptoms of the syndrome and thereby may possibly mask the underlying process. The ef",NEED_REVIEW
CAND-DIS-0031,Cardiovascular Disease,,OTHER,Cardiovascular Disease,KnownIndications; SideEffectsWarnings,4,ESTRADIOL (Estradiol Vaginal); PRAVASTATIN SODIUM (PRAVASTATIN SODIUM); NORETHINDRONE ACETATE AND ETHINYL ESTRADIOL (Hailey 1.5/30); IMIPRAMINE HYDROCHLORIDE (Imipramine Hydrochloride),"l bleeding [see WARNINGS, Malignant Neoplasms, Endometrial Cancer ]. Cardiovascular Disorders and Probable Dementia Estrogen-alone therapy should not be used for the prevention of cardiovascular disease or dementia [see CLINICAL STUDIES and WARNINGS, Cardiovascular Disorders, and Probable Dementia ]. The Women’s Health Initiative (WHI) estrogen-alone substudy reported increased risks of stroke and deep vein thrombosis (DVT) in postmenopausal women (50 to 79 years of age) duri || s for the individual woman. Estrogen Plus Progestin Therapy Cardiovascular Disorders and Probable Dementia Estrogen plus progestin therapy should not be used for the prevention of cardiovascular disease or dementia [see CLINICAL STUDIES and WARNINGS, Cardiovascular Disorders, and Probable Dementia ]. The WHI estrogen plus progestin substudy reported increased risks of DVT, pulmonary embolism (PE), stroke and myocardial infarction (MI) in postmenopausal women (50 to 79 years o || er failing an adequate trial of ",NEED_REVIEW
CAND-DIS-0032,Collagen Vascular Disease,,CARDIO,Collagen Vascular Disease,KnownIndications; SideEffectsWarnings,4,LISINOPRIL AND HYDROCHLOROTHIAZIDE TABLETS (Lisinopril and Hydrochlorothiazide); LISINOPRIL AND HYDROCHLOROTHIAZIDE (Lisinopril and Hydrochlorothiazide),"rothiazide tablets, consideration should be given to the fact that an angiotensin-converting enzyme inhibitor, captopril, has caused agranulocytosis, particularly in patients with renal impairment or collagen vascular disease, and that available data are insufficient to show that lisinopril does not have a similar risk. (See WARNINGS .) In considering use of lisinopril and hydrochlorothiazide tablets, it should be noted that Black patients receiving ACE inhibitors have been reported to have a hi || re cases of neutropenia and bone marrow depression in which a causal relationship to lisinopril cannot be excluded. Periodic monitoring of white blood cell counts in patients with collagen vascular disease and renal disease should be considered. Hepatic Failure Rarely, ACE inhibitors have been associated with a syndrome that starts with cholestatic jaundice or hepatitis and progresses to fulminant hepatic necrosis, and ( || iazide tablets USP, consideration should be given to the fact that a",NEED_REVIEW
CAND-DIS-0033,Diabetes See Drug Interactions 7,,METABOLIC,Diabetes See Drug Interactions 7,ContraindicationsInteractions,4,SACUBITRIL AND VALSARTAN (ENTRESTO); VALSARTAN (Valsartan); BENAZEPRIL HYDROCHLORIDE (Benazepril Hydrochloride); LISINOPRIL (Lisinopril),"use of ACE inhibitors. Do not administer within 36 hours of switching from or to an ACE inhibitor [see Drug Interactions (7.1)] with concomitant use of aliskiren in patients with diabetes [see Drug Interactions (7.1)] Hypersensitivity to any component. ( 4 ) History of angioedema related to previous ACEi or ARB therapy. ( 4 ) Concomitant use with ACE inhibitors. ( 4 , 7.1 ) Concomitant use || use of ACE inhibitors. Do not administer within 36 hours of switching from or to an ACE inhibitor [see Drug Interactions (7.1)] with concomitant use of aliskiren in patients with diabetes [see Drug Interactions (7.1)] Hypersensitivity to any component. ( 4 ) History of angioedema related to previous ACEi or ARB therapy. ( 4 ) Concomitant use with ACE inhibitors. ( 4 , 7.1 ) Concomitant use || 4 CONTRAINDICATIONS Do not use in patients with known hypersensitivity to any component. Do not coadminister aliskiren with valsartan tablets in patients with diabetes [See Drug Interactions (7.3) ]. Known hy",NEED_REVIEW
CAND-DIS-0034,Duodenal Ulcer Recurrence,,DIGESTIVE,Duodenal Ulcer Recurrence,ContraindicationsInteractions; KnownIndications,4,ESOMEPRAZOLE MAGNESIUM (Acid Reducer); FAMOTIDINE (Famotidine); LANSOPRAZOLE (Lansoprazole); AMOXICILLIN (Amoxicillin),"contraindications of amoxicillin and clarithromycin, indicated in combination with esomeprazole magnesium delayed-release capsules for H. pylori eradication to reduce the risk of duodenal ulcer recurrence, refer to the Contraindications section of the respective prescribing information. Proton pump inhibitors (PPIs), including esomeprazole magnesium delayed-release capsules, are contraindicated in patients receiving rilpivirine-containing products [see Drug Inte || re indicated in adults for the: • treatment of pathological hypersecretory conditions (e.g., Zollinger-Ellison syndrome, multiple endocrine neoplasias). • reduction of the risk of duodenal ulcer recurrence. Famotidine tablets are a histamine-2 (H 2 ) receptor antagonist indicated ( 1 ): In adult and pediatric patients 40 kg and greater for the treatment of: • active duodenal ulcer ( || re indicated in adults for the: • treatment of pathological hypersecretory conditions (e.g., Zollinger-Ellison syndrome, multiple endocrine n",NEED_REVIEW
CAND-DIS-0035,Heart Attack Heart Failure and Stroke,,CARDIO,Heart Attack Heart Failure and Stroke,SideEffectsWarnings,4,"NAPROXEN SODIUM 220MG (Naproxen Sodium 220mg); DICLOFENAC SODIUM (Diclofenac Sodium); IBUPROFEN (Ibuprofen Dye Free); DIPHENHYDRAMINE CITRATE, IBUPROFEN (ibuprofen pm)","ore alcoholic drinks every day while using this product take more or for a longer time than directed. Heart attack and stroke warning: NSAIDs, except aspirin, increase the risk of heart attack, heart failure, and stroke. These can be fatal. The risk is higher if you use more than directed or for longer than directed. Do not use if you have ever had an allergic reaction to any other pain reliever/ || 3 or more alcoholic drinks every day while using this product apply more or for longer than directed Heart attack and stroke warning: NSAIDs, except aspirin, increase the risk of heart attack, heart failure, and stroke. These can be fatal. The risk is higher if you use more than directed or for longer than directed. Do not use if you have ever had an allergic reaction to any other pain reliever || her drugs containing prescription or nonprescription NSAIDs [aspirin, ibuprofen, naproxen, or others] Heart attack and stroke warning: NSAIDs, except aspirin, increase the risk of heart attack, he",NEED_REVIEW
CAND-DIS-0036,Kidney Disease,,UROLOGY,Kidney Disease,ContraindicationsInteractions; KnownIndications; SideEffectsWarnings,4,"DICLOFENAC SODIUM (Diclofenac Sodium); DAPAGLIFLOZIN (FARXIGA); SULFACETAMIDE SODIUM, SULFUR (SODIUM SULFACETAMIDE AND SULFUR)","outh Ask a doctor before us if you have problems or serious side effects from taking pain relievers or fever reducers stomach bleeding warning applies to you you have a history of stomach problems, such as heartburn you have high blood pressure, heart disease, liver cirrhosis, kidney disease, asthma, or had a stroke you are taking a diuretic you are under age 18 years. It is not known if this drug works or is safe in children under age 18 years. Ask a doctor or pharmacist before use if you are u || th an eGFR less than 45 mL/min/1.73 m 2 . FARXIGA is likely to be ineffective in this setting based upon its mechanism of action. • FARXIGA is not recommended for the treatment of chronic kidney disease in patients with polycystic kidney disease or patients requiring or with a recent history of immunosuppressive therapy for kidney disease. FARXIGA is not expected to be effective in these populations. FARXIGA is a sodium-glucose cotransporter 2 (SGLT2) inhibitor indicated: • To reduce the ris",NEED_REVIEW
CAND-DIS-0037,Metastatic Breast Cancer,,CANCER,Metastatic Breast Cancer,KnownIndications; SideEffectsWarnings,4,CAPECITABINE (capecitabine); DOCETAXEL ANHYDROUS (Docetaxel); FULVESTRANT (Fulvestrant),"• treatment of patients with advanced or metastatic breast cancer as a single agent if an anthracycline-or taxane-containing chemotherapy is not indicated. ( 1.2 ) • treatment of patients with advanced or metastatic breast cancer in combination with docetaxel after disease progression on prior anthracycline-containing chemotherapy. ( 1.2 ) Gastric, Esophageal, or Gastroesophageal Junction Cancer • treatment of adults with unresectable or metastatic gastric, esophageal, or gastroesophageal juncti || for the: • treatment of patients with advanced or metastatic breast cancer as a single agent if an anthracycline- or taxanecontaining chemotherapy is not indicated. • treatment of patients with advanced or metastatic breast cancer in combination with docetaxel after disease progression on prior anthracycline-containing chemotherapy. 1.3 Gastric, Esophageal, or Gastroesophageal Junction Cancer Capecitabine tablets are indicated for the: • treatment of adults with unresectable or metastatic ga",NEED_REVIEW
CAND-DIS-0038,Progressive Liver Disease,,OTHER,Progressive Liver Disease,SideEffectsWarnings,4,LISINOPRIL AND HYDROCHLOROTHIAZIDE TABLETS (Lisinopril and Hydrochlorothiazide); LISINOPRIL AND HYDROCHLOROTHIAZIDE (Lisinopril and Hydrochlorothiazide); CHLORTHALIDONE (Chlorthalidone); HYDROCHLOROTHIAZIDE (Hydrochlorothiazide),"se, thiazides may precipitate azotemia. Cumulative effects of the drug may develop in patients with impaired renal function. Thiazides should be used with caution in patients with impaired hepatic function or progressive liver disease, since minor alterations of fluid and electrolyte balance may precipitate hepatic coma. Sensitivity reactions may occur in patients with or without a history of allergy or bronchial asthma. The possibility of exacerbation or activation of systemic lupus erythematos || se, thiazides may precipitate azotemia. Cumulative effects of the drug may develop in patients with impaired renal function. Thiazides should be used with caution in patients with impaired hepatic function or progressive liver disease, since minor alterations of fluid and electrolyte balance may precipitate hepatic coma. Sensitivity reactions may occur in patients with or without a history of allergy or bronchial asthma. The possibility of exacerbation or activation of systemic lupus erythem",NEED_REVIEW
CAND-DIS-0039,type 1 Diabetes Mellitus,,METABOLIC,type 1 Diabetes Mellitus,KnownIndications; SideEffectsWarnings,4,GLIMEPIRIDE (Glimepiride); SITAGLIPTIN AND METFORMIN HYDROCHLORIDE (ZITUVIMET); DAPAGLIFLOZIN (FARXIGA),"to improve glycemic control in adults with type 2 diabetes mellitus [see Clinical Studies (14.1) ]. Limitations of Use Glimepiride tablets should not be used for the treatment of type 1 diabetes mellitus or diabetic ketoacidosis, as it would not be effective in these settings. Glimepiride tablets are a sulfonylurea indicated as an adjunct to diet and exercise to improve glycemic control in adults with type 2 diabetes mellitus ( 1 ). Limitations of Use: || ted as an adjunct to diet and exercise to improve glycemic control in adults with type 2 diabetes mellitus. ( 1 ) Limitations of Use: ZITUVIMET is not recommended in patients with type 1 diabetes mellitus. ( 1 ) ZITUVIMET has not been studied in patients with a history of pancreatitis. ( 1 ) ZITUVIMET is indicated as an adjunct to diet and exercise to improve glycemic control in ad || ted as an adjunct to diet and exercise to improve glycemic control in adults with type 2 diabetes mellitus. ( 1 ) Limitations of Use: ZITUVIMET is not r",NEED_REVIEW
CAND-DIS-0040,Attention Deficit Hyperactivity Disorder,,MENTAL,Attention Deficit Hyperactivity Disorder,KnownIndications; SideEffectsWarnings,3,"LORLATINIB (Lorbrena); DEXTROAMPHETAMINE SACCHARATE, AMPHETAMINE ASPARTATE, DEXTROAMPHETAMINE SULFATE AND AMPHETAMINE SULFATE (DEXTROAMPHETAMINE SACCHARATE, AMPHETAMINE ASPARTATE, DEXTROAMPHETAMINE SULFATE AND AMPHETAMINE SULFATE); SERDEXMETHYLPHENIDATE AND DEXMETHYLPHENIDATE (AZSTARYS)","system disorders: amnesia, cognitive disorder, dementia, disturbance in attention, memory impairment, mental impairment; and also including events from SOC Psychiatric disorders: attention deficit/hyperactivity disorder, confusional state, delirium, disorientation, reading disorder). 27 2 Headache 18 0.7 Dizziness 16 0.7 Speech effects Speech effects (including aphasia, dysarthria, slow speech, s || amine Saccharate, Amphetamine Aspartate, Dextroamphetamine Sulfate and Amphetamine Sulfate Tablets (Mixed Salts of a Single Amphetamine Product) are indicated for the treatment of Attention Deficit Hyperactivity Disorder (ADHD) and Narcolepsy. Attention Deficit Hyperactivity Disorder (ADHD) A diagnosis of Attention Deficit Hyperactivity Disorder (ADHD; DSM-IV ® ) implies the presence of hyperactiv || te and Amphetamine Sulfate Tablets (Mixed Salts of a Single Amphetamine Product) are indicated for the treatment of Attention Deficit Hyperactivity Disorder (ADHD) and Narcolepsy. Attention Def",NEED_REVIEW
CAND-DIS-0041,Biliary Tract Disease,,OTHER,Biliary Tract Disease,SideEffectsWarnings,3,PENTAZOCINE HYDROCHLORIDE AND NALOXONE HYDROCHLORIDE (PENTAZOCINE HYDROCHLORIDE AND NALOXONE HYDROCHLORIDE); ACETAMINOPHEN AND CODEINE PHOSPHATE (Acetaminophen and Codeine Phosphate); HYDROCODONE BITARTRATE AND ACETAMINOPHEN (Hydrocodone Bitartrate and Acetaminophen),"nts with acute abdominal conditions. Pentazocine and Naloxone Tablets may cause spasm of the sphincter of Oddi. Opioids may cause increases in serum amylase. Monitor patients with biliary tract disease, including acute pancreatitis, for worsening symptoms. Cases of opioid-induced esophageal dysfunction (OIED) have been reported in patients taking opioids. The risk of OIED may inc || nts with acute abdominal conditions. Pentazocine and Naloxone Tablets may cause spasm of the sphincter of Oddi. Opioids may cause increases in serum amylase. Monitor patients with biliary tract disease, including acute pancreatitis, for worsening symptoms. Cases of opioid-induced esophageal dysfunction (OIED) have been reported in patients taking opioids. The risk of OIED may inc || and codeine phosphate in acetaminophen and codeine phosphate tablets may cause spasm of the sphincter of Oddi. Opioids may cause increases in serum amylase. Monitor patients with biliary tract disease, including acute pancreatit",NEED_REVIEW
CAND-DIS-0042,Cerebrovascular Disease,,OTHER,Cerebrovascular Disease,SideEffectsWarnings,3,LISINOPRIL AND HYDROCHLOROTHIAZIDE TABLETS (Lisinopril and Hydrochlorothiazide); LISINOPRIL AND HYDROCHLOROTHIAZIDE (Lisinopril and Hydrochlorothiazide); TRANDOLAPRIL (Trandolapril),"nts should be followed closely for the first two weeks of treatment and whenever the dose of lisinopril and/or diuretic is increased. Similar considerations apply to patients with ischemic heart or cerebrovascular disease in whom an excessive fall in blood pressure could result in a myocardial infarction or cerebrovascular accident. If hypotension occurs, the patient should be placed in supine position and, if necessary, receive an intravenous infusion of normal saline. A transient hypotensive r || nts should be followed closely for the first two weeks of treatment and whenever the dose of lisinopril and/or diuretic is increased. Similar considerations apply to patients with ischemic heart or cerebrovascular disease in whom an excessive fall in blood pressure could result in a myocardial infarction or cerebrovascular accident. If hypotension occurs, the patient should be placed in the supine position and, if necessary, receive an intravenous infusion of normal saline. A transient hypot",NEED_REVIEW
CAND-DIS-0043,Decompensated Heart Failure,,CARDIO,Decompensated Heart Failure,ContraindicationsInteractions,3,METOPROLOL TARTRATE (Metoprolol Tartrate); METOPROLOL SUCCINATE ER TABLETS (Metoprolol Succinate); METOPROLOL SUCCINATE (Metoprolol Succinate),"4 CONTRAINDICATIONS Metoprolol tartrate tablets are contraindicated in severe bradycardia, second- or third-degree heart block, cardiogenic shock, systolic blood pressure <100, decompensated heart failure, sick sinus syndrome (unless a permanent pacemaker is in place), and in patients who are hypersensitive to any component of this product. Known hypersensitivity to product components. ( 4 ) Severe bradycardia: Greater than first degree heart block, or sick sin || 4 CONTRAINDICATIONS Metoprolol succinate extended-release tablets are contraindicated in severe bradycardia, second- or third- degree heart block, cardiogenic shock, decompensated heart failure, sick sinus syndrome (unless a permanent pacemaker is in place), and in patients who are hypersensitive to any component of this product. • Known hypersensitivity to product components. ( 4 ) • Severe bradycardia: Greater than first degree heart block, or sick || 4 CONTRAINDICATIONS Metoprolol succinate extended-release tablets are con",NEED_REVIEW
CAND-DIS-0044,Developing The Syndrome,,OTHER,Developing The Syndrome,SideEffectsWarnings,3,PERPHENAZINE (perphenazine); PROCHLORPERAZINE MALEATE (Prochlorperazine Maleate); CHLORPROMAZINE HYDROCHLORIDE (chlorpromazine hydrochloride),"reatment, which patients are likely to develop the syndrome. Whether antipsychotic drug products differ in their potential to cause tardive dyskinesia is unknown. Both the risk of developing the syndrome and the likelihood that it will become irreversible are believed to increase as the duration of treatment and the total cumulative dose of antipsychotic drugs administered to the patient increase. However, the syndrome can develop, although much less commonly, after relatively brief treatment pe || reatment, which patients are likely to develop the syndrome. Whether antipsychotic drug products differ in their potential to cause tardive dyskinesia is unknown. Both the risk of developing the syndrome and the likelihood that it will become irreversible are believed to increase as the duration of treatment and the total cumulative dose of antipsychotic drugs administered to the patient increase. However, the syndrome can develop, although much less commonly, after relatively brief treatmen",NEED_REVIEW
CAND-DIS-0045,Heart Failure Monitor Patients,,CARDIO,Heart Failure Monitor Patients,SideEffectsWarnings,3,ETODOLAC (Etodolac); KETOROLAC TROMETHAMINE (Ketorolac Tromethamine); NABUMETONE (Nabumetone),"id the use of etodolac in patients with severe heart failure unless the benefits are expected to outweigh the risk of worsening heart failure. If etodolac is used in patients with severe heart failure, monitor patients for signs of worsening heart failure. Gastrointestinal Effects - Risk of Ulceration, Bleeding, and Perforation NSAIDs, including etodolac, can cause serious gastrointestinal (GI) adverse events including inflammation || ethamine in patients with severe heart failure unless the benefits are expected to outweigh the risk of worsening heart failure. If ketorolac tromethamine is used in patients with severe heart failure, monitor patients for signs of worsening heart failure. Skin Reactions NSAIDs, including ketorolac tromethamine, can cause serious skin adverse events such as exfoliative dermatitis, Stevens-Johnson Syndrome (SJS), and toxic epidermal || one tablets in patients with severe heart failure unless the benefits are expected to outweigh the risk of worsening heart",NEED_REVIEW
CAND-DIS-0046,Heart Failure Nsaid Use Increased The Risk,,CARDIO,Heart Failure Nsaid Use Increased The Risk,SideEffectsWarnings,3,ETODOLAC (Etodolac); KETOROLAC TROMETHAMINE (Ketorolac Tromethamine); NABUMETONE (Nabumetone),"eart failure in COX-2 selective-treated patients and nonselective NSAID-treated patients compared to placebo-treated patients. In a Danish National Registry study of patients with heart failure, NSAID use increased the risk of MI, hospitalization for heart failure, and death. Additionally, fluid retention and edema have been observed in some patients treated with NSAIDs. Use of etodolac may blunt the CV effects of several therapeutic agents used to tr || eart failure in COX-2 selective-treated patients and nonselective NSAID-treated patients compared to placebo-treated patients. In a Danish National Registry study of patients with heart failure, NSAID use increased the risk of MI, hospitalization for heart failure, and death. Additionally, fluid retention and edema have been observed in some patients treated with NSAIDs. Use of ketorolac tromethamine may blunt the CV effects of several therapeutic age || eart failure in COX-2 selective-treated patients and nonselective NSAID-treated pa",NEED_REVIEW
CAND-DIS-0047,Inflammatory Bowel Disease,,DIGESTIVE,Inflammatory Bowel Disease,SideEffectsWarnings,3,HYDROCORTISONE ACETATE (Cortifoam); BETAMETHASONE SODIUM PHOSPHATE AND BETAMETHASONE ACETATE (Betaloan SUIK); DEXAMETHASONE (Dexamethasone),"egaly, increased appetite, nausea, pancreatitis, peptic ulcer with possible perforation and hemorrhage, perforation of the small and large intestine (particularly in patients with inflammatory bowel disease), ulcerative esophagitis. Metabolic: Negative nitrogen balance due to protein catabolism. Musculoskeletal: Aseptic necrosis of femoral and humeral heads, Charcot-like arthropathy, loss of muscle mass, mus || egaly, increased appetite, nausea, pancreatitis, peptic ulcer with possible perforation and hemorrhage, perforation of the small and large intestine (particularly in patients with inflammatory bowel disease), ulcerative esophagitis. Metabolic Negative nitrogen balance due to protein catabolism. Musculoskeletal Aseptic necrosis of femoral and humeral heads, calcinosis (following intra-articular or intralesion || egaly, increased appetite, nausea, pancreatitis, peptic ulcer with possible perforation and hemorrhage, perforation of the small and large intestine (particularly in pati",NEED_REVIEW
CAND-DIS-0048,Inflammatory Bowel Disease Ulcerative Esophagitis,,DIGESTIVE,Inflammatory Bowel Disease Ulcerative Esophagitis,SideEffectsWarnings,3,HYDROCORTISONE ACETATE (Cortifoam); BETAMETHASONE SODIUM PHOSPHATE AND BETAMETHASONE ACETATE (Betaloan SUIK); DEXAMETHASONE (Dexamethasone),"egaly, increased appetite, nausea, pancreatitis, peptic ulcer with possible perforation and hemorrhage, perforation of the small and large intestine (particularly in patients with inflammatory bowel disease), ulcerative esophagitis. Metabolic: Negative nitrogen balance due to protein catabolism. Musculoskeletal: Aseptic necrosis of femoral and humeral heads, Charcot-like arthropathy, loss of muscle mass, mus || egaly, increased appetite, nausea, pancreatitis, peptic ulcer with possible perforation and hemorrhage, perforation of the small and large intestine (particularly in patients with inflammatory bowel disease), ulcerative esophagitis. Metabolic Negative nitrogen balance due to protein catabolism. Musculoskeletal Aseptic necrosis of femoral and humeral heads, calcinosis (following intra-articular or intralesion || egaly, increased appetite, nausea, pancreatitis, peptic ulcer with possible perforation and hemorrhage, perforation of the small and large intestine (particularly in pati",NEED_REVIEW
CAND-DIS-0049,Known Cv Disease,,OTHER,Known Cv Disease,SideEffectsWarnings,3,ETODOLAC (Etodolac); KETOROLAC TROMETHAMINE (Ketorolac Tromethamine); NABUMETONE (Nabumetone),"s CV thrombotic events over baseline conferred by NSAID use appears to be similar in those with and without known CV disease or risk factors for CV disease. However, patients with known CV disease or risk factors had a higher absolute incidence of excess serious CV thrombotic events, due to their increased baseline rate. Some observational studies found that this increased risk of serious CV thrombotic events began as early as the first weeks of treatment. The increase in CV thrombotic risk has  || s CV thrombotic events over baseline conferred by NSAID use appears to be similar in those with and without known CV disease or risk factors for CV disease. However, patients with known CV disease or risk factors had a higher absolute incidence of excess serious CV thrombotic events, due to their increased baseline rate. Some observational studies found that this increased risk of serious CV thrombotic events began as early as the first few weeks of treatment. The increase in CV thrombotic r",NEED_REVIEW
CAND-DIS-0050,Liver Failure Is Higher,,OTHER,Liver Failure Is Higher,SideEffectsWarnings,3,OXYCODONE AND ACETAMINOPHEN (Oxycodone and Acetaminophen); ACETAMINOPHEN AND CODEINE PHOSPHATE (Acetaminophen and Codeine Phosphate); HYDROCODONE BITARTRATE AND ACETAMINOPHEN (Hydrocodone Bitartrate and Acetaminophen),phen may be intentional to cause self-harm or unintentional as patients attempt to obtain more pain relief or unknowingly take other acetaminophen-containing products. The risk of acute liver failure is higher in individuals with underlying liver disease and in individuals who ingest alcohol while taking acetaminophen. Instruct patients to look for acetaminophen or APAP on package labels and not to use more than one product that contains acetaminoph || phen may be intentional to cause self-harm or unintentional as patients attempt to obtain more pain relief or unknowingly take other acetaminophen-containing products. The risk of acute liver failure is higher in individuals with underlying liver disease and in individuals who ingest alcohol while taking acetaminophen. Instruct patients to look for acetaminophen or APAP on package labels and not to use more than one product that contains acetaminoph || phen may be intentional to cause self-harm or unintentional as patients attempt to obt,NEED_REVIEW
CAND-DIS-0051,Maternal Hypertension During Pregnancy Is Important,,CARDIO,Maternal Hypertension During Pregnancy Is Important,SideEffectsWarnings,3,LISINOPRIL AND HYDROCHLOROTHIAZIDE TABLETS (Lisinopril and Hydrochlorothiazide); LISINOPRIL AND HYDROCHLOROTHIAZIDE (Lisinopril and Hydrochlorothiazide); TRANDOLAPRIL (Trandolapril),"re to antihypertensive use in the first trimester have not distinguished drugs affecting the renin-angiotensin system from other antihypertensive agents. Appropriate management of maternal hypertension during pregnancy is important to optimize outcomes for both mother and fetus. In the unusual case that there is no appropriate alternative therapy to drugs affecting the renin-angiotensin system for a particular patient, apprise the mother of the potential || re to antihypertensive use in the first trimester have not distinguished drugs affecting the renin-angiotensin system from other antihypertensive agents. Appropriate management of maternal hypertension during pregnancy is important to optimize outcomes for both mother and fetus. In the unusual case that there is no appropriate alternative therapy to drugs affecting the renin-angiotensin system for a particular patient, apprise the mother of the potential || re to antihypertensive use in the first trimester have not distinguished dru",NEED_REVIEW
CAND-DIS-0052,Opioid Use Disorder,,OTHER,Opioid Use Disorder,SideEffectsWarnings,3,PENTAZOCINE HYDROCHLORIDE AND NALOXONE HYDROCHLORIDE (PENTAZOCINE HYDROCHLORIDE AND NALOXONE HYDROCHLORIDE); ACETAMINOPHEN AND CODEINE PHOSPHATE (Acetaminophen and Codeine Phosphate); HYDROCODONE BITARTRATE AND ACETAMINOPHEN (Hydrocodone Bitartrate and Acetaminophen),"e importance of having access to an opioid overdose reversal agent, especially if the patient has risk factors for overdose (e.g., concomitant use of CNS depressants, a history of opioid use disorder, or prior opioid overdose) or if there are household members (including children) or other close contacts at risk for accidental ingestion or opioid overdose. The presence of risk factors for overdose should not prevent the management of pain in any patient [see WARNINGS]. Discuss the options for ob || e importance of having access to an opioid overdose reversal agent, especially if the patient has risk factors for overdose (e.g., concomitant use of CNS depressants, a history of opioid use disorder, or prior opioid overdose) or if there are household members (including children) or other close contacts at risk for accidental ingestion or opioid overdose. The presence of risk factors for overdose should not prevent the management of pain in any patient [see WARNINGS ]. Discuss the options f",NEED_REVIEW
CAND-DIS-0053,or Severe Bronchial Asthma,,RESPIRATORY,or Severe Bronchial Asthma,SideEffectsWarnings,3,PENTAZOCINE HYDROCHLORIDE AND NALOXONE HYDROCHLORIDE (PENTAZOCINE HYDROCHLORIDE AND NALOXONE HYDROCHLORIDE); ACETAMINOPHEN AND CODEINE PHOSPHATE (Acetaminophen and Codeine Phosphate); HYDROCODONE BITARTRATE AND ACETAMINOPHEN (Hydrocodone Bitartrate and Acetaminophen),"ng Respiratory Depression in Patients with Chronic Pulmonary Disease or in Elderly, Cachectic, or Debilitated Patients The use of Pentazocine and Naloxone Tablets in patients with acute or severe bronchial asthma in an unmonitored setting or in the absence of resuscitative equipment is contraindicated. Patients with Chronic Pulmonary Disease: Pentazocine and naloxone-treated patients with significant chronic obstructive pulmonary disease or cor pulmonale, and those with a subst || ratory Depression in Patients with Chronic Pulmonary Disease or Elderly, Cachectic, or Debilitated Patients The use of acetaminophen and codeine phosphate tablets in patients with acute or severe bronchial asthma in an unmonitored setting or in the absence of resuscitative equipment is contraindicated. Patients with Chronic Pulmonary Disease Acetaminophen and codeine phosphate tablets-treated patients with significant chronic obstructive pulmonary disease or cor pulmonale, and || epression in Patients with Ch",NEED_REVIEW
CAND-DIS-0054,Ovarian Cancer,,CANCER,Ovarian Cancer,KnownIndications; SideEffectsWarnings,3,ESTRADIOL (Estradiol Vaginal); RUCAPARIB (Rubraca),"ed on patient age, risk factors, and prior mammogram results. c. Ovarian Cancer The WHI estrogen plus progestin substudy reported a statistically non-significant increased risk of ovarian cancer. After an average follow-up of 5.6 years, the relative risk for ovarian cancer for CE plus MPA versus placebo was 1.58 (95 percent CI, 0.77-3.24). The absolute risk for CE plus MP || ed on patient age, risk factors, and prior mammogram results. c. Ovarian Cancer The WHI estrogen plus progestin substudy reported a statistically non-significant increased risk of ovarian cancer. After an average follow-up of 5.6 years, the relative risk for ovarian cancer for CE plus MPA versus placebo was 1.58 (95 percent CI, 0.77-3.24). The absolute risk for CE plus MP || and the elevated risk was significant for both estrogen-alone and estrogen plus progestin products. The exact duration of hormone therapy use associated with an increased risk of ovarian cancer, however, is unknown. 3. Probable Dementia In the ",NEED_REVIEW
CAND-DIS-0055,Patients with Significant Respiratory Depression See Warnings,,RESPIRATORY,Patients with Significant Respiratory Depression See Warnings,ContraindicationsInteractions,3,TRAMADOL HYDROCHLORIDE (TRAMADOL HYDROCHLORIDE); CODEINE SULFATE (Codeine sulfate); OXYCODONE HYDROCHLORIDE (Oxycodone Hydrochloride),han 18 years of age following tonsillectomy and/or adenoidectomy [see Warnings and Precautions (5.4)] . Tramadol hydrochloride extended-release tablets are also contraindicated in patients with: Significant respiratory depression [see Warnings and Precautions (5.3)] Acute or severe bronchial asthma in an unmonitored setting or in the absence of resuscitative equipment [see Warnings and Precautions (5.12)] Known or suspected gastrointestin || in children younger than 18 years of age following tonsillectomy and/or adenoidectomy [see Warnings and Precautions ( 5.6 )] . Codeine Sulfate Tablets are also contraindicated in patients with: • Significant respiratory depression [see Warnings and Precautions ( 5.2 )]. • Acute or severe bronchial asthma in an unmonitored setting or in the absence of resuscitative equipment [see Warnings and Precautions ( 5.9 )]. • Concurrent use of monoami || 4 CONTRAINDICATIONS Oxycodone hydrochloride is contraindicated in patients with: Significant respiratory d,NEED_REVIEW
CAND-DIS-0056,Primary Peritoneal Cancer,,CANCER,Primary Peritoneal Cancer,KnownIndications; SideEffectsWarnings,3,MIRVETUXIMAB SORAVTANSINE (ELAHERE); RUCAPARIB (Rubraca),"1 INDICATIONS AND USAGE ELAHERE ® is indicated for the treatment of adult patients with folate receptor-alpha (FRα) positive, platinum-resistant epithelial ovarian, fallopian tube, or primary peritoneal cancer, who have received one to three prior systemic treatment regimens. Select patients for therapy based on an FDA-approved test [see Dosage and Administration ( 2.1 )]. ELAHERE is a f || based on an FDA-approved test [see Dosage and Administration ( 2.1 )]. ELAHERE is a folate receptor alpha (FRα)-directed antibody and microtubule inhibitor conjugate indicated for the treatment of adult patients with FRα positive, platinum-resistant epithelial ovarian, fallopian tube, or primary peritoneal cancer, who have received one to three prior systemic treatment regimens. Select patients for therapy based on an FDA-approved test. ( 1 , 2.1 ) || actions and laboratory abnormalities, respectively, occurring in ≥10% of patients who received ELAHERE in Study 0416. Table 4: Adverse Reactions Occur",NEED_REVIEW
CAND-DIS-0057,Pulmonary Arterial Hypertension,,CARDIO,Pulmonary Arterial Hypertension,SideEffectsWarnings,3,SILDENAFIL CITRATE (SILDENAFIL CITRATE); EVEROLIMUS (Everolimus); DASATINIB (Dasatinib),"ions (5.1) and Patient Counseling Information (17) ]. Hemic and Lymphatic: vaso-occlusive crisis: In a small, prematurely terminated study of REVATIO (sildenafil) in patients with pulmonary arterial hypertension (PAH) secondary to sickle cell disease, vaso-occlusive crises requiring hospitalization were more commonly reported in patients who received sildenafil than in those randomized to || l relationship to drug exposure: Blood and lymphatic disorders: Thrombotic microangiopathy Cardiac: Cardiac failure with some cases reported with pulmonary hypertension (including pulmonary arterial hypertension) as a secondary event Gastrointestinal: Acute pancreatitis Hepatobiliary: Cholecystitis and cholelithiasis Infections: Sepsis and septic shock Nervous system: Reflex sympathetic d || elated events [see Warnings and Precautions (5.2) ] . • Fluid retention [see Warnings and Precautions (5.3) ] . • Cardiovascular toxicity [see Warnings and Precautions (5.4) ] . • Pulmonary arterial hypertensio",NEED_REVIEW
CAND-DIS-0058,Renal Cell Carcinoma,,CANCER,Renal Cell Carcinoma,KnownIndications; SideEffectsWarnings,3,EVEROLIMUS (Everolimus); CYCLOPHOSPHAMIDE (CYCLOPHOSPHAMIDE),"cally advanced or metastatic. Limitations of Use: Everolimus tablets are not indicated for the treatment of patients with functional carcinoid tumors. ( 1.2 ) Adults with advanced renal cell carcinoma (RCC) after failure of treatment with sunitinib or sorafenib. ( 1.3 ) Adults with renal angiomyolipoma and tuberous sclerosis complex (TSC), not requiring immediate surgery. ( 1.4 || or metastatic disease. Limitations of Use: Everolimus tablets are not indicated for the treatment of patients with functional carcinoid tumors [see Clinical Studies (14.2) ]. 1.3 Renal Cell Carcinoma (RCC) Everolimus tablets are indicated for the treatment of adult patients with advanced RCC after failure of treatment with sunitinib or sorafenib. 1.4 Tuberous Sclerosis Complex || sed AST 57 2 34 2 Hyperglycemia (fasting) 55 6 36 1 Increased ALT 46 5 39 1 Hypophosphatemia 43 4 15 2 Hypertriglyceridemia 30 3 8 1 Hypokalemia 27 6 12 3 Hypoalbuminemia 18 0 8 0 Renal Cell Carcinoma (RCC) The data described below r",NEED_REVIEW
CAND-DIS-0059,Renal Disease Should Be Considered,,UROLOGY,Renal Disease Should Be Considered,SideEffectsWarnings,3,LISINOPRIL AND HYDROCHLOROTHIAZIDE TABLETS (Lisinopril and Hydrochlorothiazide); LISINOPRIL AND HYDROCHLOROTHIAZIDE (Lisinopril and Hydrochlorothiazide); TRANDOLAPRIL (Trandolapril),"re cases of neutropenia and bone marrow depression in which a causal relationship to lisinopril cannot be excluded. Periodic monitoring of white blood cell counts in patients with collagen vascular disease and renal disease should be considered. Hepatic Failure Rarely, ACE inhibitors have been associated with a syndrome that starts with cholestatic jaundice or hepatitis and progresses to fulminant hepatic necrosis, and ( || leukopenia/neutropenia and bone marrow depression in which a causal relationship to lisinopril cannot be excluded. Periodic monitoring of white blood cell counts in patients with collagen vascular disease and renal disease should be considered. Hepatic Failure: Rarely, ACE inhibitors have been associated with a syndrome that starts with cholestatic jaundice or hepatitis and progresses to fulminant hepatic necrosis and ( || sufficient to show that trandolapril does not cause agranulocytosis at similar rates. As with other ACE inhibitors, periodic monitoring of white ",NEED_REVIEW
CAND-DIS-0060,Renal Disease Thiazides May Precipitate Azotemia,,UROLOGY,Renal Disease Thiazides May Precipitate Azotemia,SideEffectsWarnings,3,LISINOPRIL AND HYDROCHLOROTHIAZIDE TABLETS (Lisinopril and Hydrochlorothiazide); LISINOPRIL AND HYDROCHLOROTHIAZIDE (Lisinopril and Hydrochlorothiazide); HYDROCHLOROTHIAZIDE (Hydrochlorothiazide),"should discontinue the ACE inhibitor and receive appropriate medical follow-up. Hydrochlorothiazide Thiazides should be used with caution in severe renal disease. In patients with renal disease, thiazides may precipitate azotemia. Cumulative effects of the drug may develop in patients with impaired renal function. Thiazides should be used with caution in patients with impaired hepatic function or progressi || ombocytopenia, and possibly other adverse reactions have occurred in the adult. Hydrochlorothiazide Thiazides should be used with caution in severe renal disease. In patients with renal disease, thiazides may precipitate azotemia. Cumulative effects of the drug may develop in patients with impaired renal function. Thiazides should be used with caution in patients with impaired hepatic function or progressi || or FDA at 1-800-FDA-1088 or http://www.fda.gov/medwatch for voluntary reporting of adverse reactions. Warnings: WARNINGS Use with caution in severe renal disease. In patients",NEED_REVIEW
CAND-DIS-0061,Respiratory Depression May Include Close Observation,,RESPIRATORY,Respiratory Depression May Include Close Observation,SideEffectsWarnings,3,PENTAZOCINE HYDROCHLORIDE AND NALOXONE HYDROCHLORIDE (PENTAZOCINE HYDROCHLORIDE AND NALOXONE HYDROCHLORIDE); ACETAMINOPHEN AND CODEINE PHOSPHATE (Acetaminophen and Codeine Phosphate); HYDROCODONE BITARTRATE AND ACETAMINOPHEN (Hydrocodone Bitartrate and Acetaminophen),"with the use of opioids, even when used as recommended. Respiratory depression, if not immediately recognized and treated, may lead to respiratory arrest and death. Management of respiratory depression may include close observation, supportive measures, and use of opioid antagonists, depending on the patient's clinical status [see OVERDOSAGE ]. Carbon dioxide (CO 2 ) retention from opioid-induced respiratory depression can exacerbate the sedating effects of opioids. While serious, life-threateni || with the use of opioids, even when used as recommended. Respiratory depression, if not immediately recognized and treated, may lead to respiratory arrest and death. Management of respiratory depression may include close observation, supportive measures, and use of opioid overdose reversal agents, depending on the patient’s clinical status [ see OVERDOSAGE ]. Carbon dioxide (CO2) retention from opioid-induced respiratory depression can exacerbate the sedating effects of opioids. While serious",NEED_REVIEW
CAND-DIS-0062,Serotonin Syndrome See Warnings and Precautions 5,,OTHER,Serotonin Syndrome See Warnings and Precautions 5,ContraindicationsInteractions,3,ZIPRASIDONE (ziprasidone); TRAZODONE HYDROCHLORIDE (Trazodone Hydrochloride); CITALOPRAM HYDROBROMIDE (Citalopram),"rasidone is contraindicated in patients taking, or within 14 days of stopping, MAOIs (including the MAOIs linezolid and intravenous methylene blue) because of an increased risk of serotonin syndrome [see Warnings and Precautions (5.4) , Drug Interaction (7.3) ]. || ients taking, or within 14 days of stopping, monoamine oxidase inhibitors (MAOIs), including MAOIs such as linezolid or intravenous methylene blue, because of an increased risk of serotonin syndrome [see Warnings and Precautions ( 5.2 ), Drug Interactions ( 7.1 )]. || ets are contraindicated in patients: taking, or within 14 days of stopping, MAOIs (including MAOIs such as linezolid or intravenous methylene blue) because of an increased risk of serotonin syndrome [see Warnings and Precautions (5.3) , Drug Interactions (7) ] . taking pimozide because of risk of QT prolongation [see Drug Interactions (7) ] . with known hypersensitivity to citalopram or any of the inactive i",NEED_REVIEW
CAND-DIS-0063,Treatment of Hypertension,,CARDIO,Treatment of Hypertension,KnownIndications,3,METOPROLOL TARTRATE (Metoprolol Tartrate); METOPROLOL SUCCINATE ER TABLETS (Metoprolol Succinate); METOPROLOL SUCCINATE (Metoprolol Succinate),"1 INDICATIONS AND USAGE Metoprolol tartrate tablets are a beta-adrenergic blocker indicated for the treatment of: Hypertension, to lower blood pressure. Lowering blood pressure reduces the risk of fatal and non-fatal cardiovascular events, primarily strokes and myocardial infarctions. ( 1.1 ) Angina Pectoris. ( 1.2 ) Myocardial I || 1 INDICATIONS AND USAGE Metoprolol tartrate tablets are a beta-adrenergic blocker indicated for the treatment of: Hypertension, to lower blood pressure. Lowering blood pressure reduces the risk of fatal and non-fatal cardiovascular events, primarily strokes and myocardial infarctions. ( 1.1 ) Angina Pectoris. ( 1.2 ) Myocardial I || 1 INDICATIONS AND USAGE Metoprolol succinate, is a beta-adrenergic blocker indicated for the treatment of: • Hypertension, to lower blood pressure. Lowering blood pressure reduces the risk of fatal and non-fatal cardiovascular events, primarily strokes and myocardial infarctions. ( 1.1 ) • Angina Pectoris. ( 1.2 ) • Heart Fa",NEED_REVIEW
CAND-DIS-0064,Worsening Heart Failure,,CARDIO,Worsening Heart Failure,SideEffectsWarnings,3,ETODOLAC (Etodolac); KETOROLAC TROMETHAMINE (Ketorolac Tromethamine); NABUMETONE (Nabumetone),"tensin receptor blockers (ARBs)] (see DRUG INTERACTIONS ). Avoid the use of etodolac in patients with severe heart failure unless the benefits are expected to outweigh the risk of worsening heart failure. If etodolac is used in patients with severe heart failure, monitor patients for signs of worsening heart failure. Gastrointestinal Effects - Risk of Ulceration, Bleeding, and Per || tensin receptor blockers (ARBs)] (see DRUG INTERACTIONS ). Avoid the use of etodolac in patients with severe heart failure unless the benefits are expected to outweigh the risk of worsening heart failure. If etodolac is used in patients with severe heart failure, monitor patients for signs of worsening heart failure. Gastrointestinal Effects - Risk of Ulceration, Bleeding, and Per || or blockers (ARBs) (see DRUG INTERACTIONS ). Avoid the use of ketorolac tromethamine in patients with severe heart failure unless the benefits are expected to outweigh the risk of worsening heart failure. If ketorolac trometha",NEED_REVIEW
CAND-DIS-0065,Advanced Parkinson's Disease Treated,,NEURO,Advanced Parkinson's Disease Treated,SideEffectsWarnings,2,PRAMIPEXOLE DIHYDROCHLORIDE (Pramipexole dihydrochloride); ROPINIROLE HYDROCHLORIDE (ROPINIROLE HYDROCHLORIDE),"t occurred with a frequency of at least 2% with pramipexole dihydrochloride extended-release and were more frequent than with placebo during 18 weeks of treatment in patients with advanced Parkinson’s disease treated with pramipexole dihydrochloride extended-release tablets. In this study, pramipexole dihydrochloride extended-release tablets, immediate-release pramipexole tablets, or placebo was administered to patients who were also receiving concom || t occurred with a frequency of at least 2% with pramipexole dihydrochloride extended-release and were more frequent than with placebo during 18 weeks of treatment in patients with advanced Parkinson’s disease treated with pramipexole dihydrochloride extended-release tablets. In this study, pramipexole dihydrochloride extended-release tablets, immediate-release pramipexole tablets, or placebo was administered to patients who were also receiving concom || eater than placebo) of sufficient severity to cause discontinuation was dizziness. T",NEED_REVIEW
CAND-DIS-0066,Advanced Renal Disease,,UROLOGY,Advanced Renal Disease,SideEffectsWarnings,2,ETODOLAC (Etodolac); NABUMETONE (Nabumetone),"d in patients with pre-existing kidney disease. Advanced Renal Disease No information is available from controlled clinical studies regarding the use of etodolac, in patients with advanced renal disease. Therefore, treatment with etodolac is not recommended in these patients with advanced renal disease. If etodolac therapy must be initiated, close monitoring of the patient's rena || d in patients with pre-existing kidney disease. Advanced Renal Disease No information is available from controlled clinical studies regarding the use of etodolac, in patients with advanced renal disease. Therefore, treatment with etodolac is not recommended in these patients with advanced renal disease. If etodolac therapy must be initiated, close monitoring of the patient's rena || om controlled clinical studies regarding the use of etodolac, in patients with advanced renal disease. Therefore, treatment with etodolac is not recommended in these patients with advanced renal disease. If etodolac therapy must",NEED_REVIEW
CAND-DIS-0067,Basilar Migraine,,NEURO,Basilar Migraine,ContraindicationsInteractions; KnownIndications,2,RIZATRIPTAN BENZOATE (MAXALT); SUMATRIPTAN (Sumatriptan),"st migraine attack treated with MAXALT, the diagnosis of migraine should be reconsidered before MAXALT is administered to treat any subsequent attacks. MAXALT is not indicated for use in the management of hemiplegic or basilar migraine [see Contraindications (4) ] . MAXALT is not indicated for the prevention of migraine attacks. Safety and effectiveness of MAXALT have not been established for cluster headache. MAXALT is a serotonin (5-HT) 1B || ons (5.1)]. • Wolff-Parkinson-White syndrome or arrhythmias associated with other cardiac accessory conduction pathway disorders [see Warnings and Precautions (5.2)]. • History of stroke or transient ischemic attack (TIA) or History of hemiplegic or basilar migraine because these patients are at a higher risk of stroke [see Warnings and Precautions (5.4)]. • Peripheral vascular disease [see Warnings and Precautions (5.5)]. • Ischemic bowel di",NEED_REVIEW
CAND-DIS-0068,Benign Gastric Ulcer,,DIGESTIVE,Benign Gastric Ulcer,KnownIndications,2,LANSOPRAZOLE (Lansoprazole); CIMETIDINE (CIMETIDINE),r in adults ( 1.1 ) Eradication of H. pylori to reduce the risk of duodenal ulcer recurrence in adults ( 1.2 ) Maintenance of healed duodenal ulcers in adults ( 1.3 ) Treatment of active benign gastric ulcer in adults ( 1.4 ) Healing of nonsteroidal anti-inflammatory drugs (NSAID)-associated gastric ulcer in adults ( 1.5 ) Risk reduction of NSAID-associated gastric ulcer in adults ( 1.6 ) Treatment || r in adults ( 1.1 ) Eradication of H. pylori to reduce the risk of duodenal ulcer recurrence in adults ( 1.2 ) Maintenance of healed duodenal ulcers in adults ( 1.3 ) Treatment of active benign gastric ulcer in adults ( 1.4 ) Healing of nonsteroidal anti-inflammatory drugs (NSAID)-associated gastric ulcer in adults ( 1.5 ) Risk reduction of NSAID-associated gastric ulcer in adults ( 1.6 ) Treatment || er healing of active ulcer. Patients have been maintained on continued treatment with cimetidine tablets 400 mg at bedtime for periods of up to 5 years. 3. Short-term treatment of active ben,NEED_REVIEW
CAND-DIS-0069,Bipolar Disorder Has Not Been Systematically Evaluated,,MENTAL,Bipolar Disorder Has Not Been Systematically Evaluated,KnownIndications,2,QUETIAPINE (Quetiapine); QUETIAPINE FUMARATE (Quetiapine fumarate),"an adjunct to lithium or divalproex. Efficacy was established in two maintenance trials in adults. The effectiveness of quetiapine as monotherapy for the maintenance treatment of bipolar disorder has not been systematically evaluated in controlled clinical trials [ see Clinical Studies (14.2) ]. 1.3 Special Considerations in Treating Pediatric Schizophrenia and Bipolar I Disorder Pediatric schizophrenia and bipolar I disorder are serious mental disorders, however, d || an adjunct to lithium or divalproex. Efficacy was established in two maintenance trials in adults. The effectiveness of quetiapine as monotherapy for the maintenance treatment of bipolar disorder has not been systematically evaluated in controlled clinical trials [ see Clinical Studies (14.2) ]. 1.3 Special Considerations in Treating Pediatric Schizophrenia and Bipolar I Disorder Pediatric schizophrenia and bipolar I disorder are serious mental disorders, however, d || nct to lithium or divalproex. Efficacy was establish",NEED_REVIEW
CAND-DIS-0070,Bipolar I Disorder,,MENTAL,Bipolar I Disorder,KnownIndications,2,LAMOTRIGINE (Lamotrigine); ZIPRASIDONE (ziprasidone),"are receiving treatment with carbamazepine, phenytoin, phenobarbital, primidone, or valproate as the single antiepileptic drug. ( 1.1 ) Bipolar disorder : Maintenance treatment of bipolar I disorder to delay the time to occurrence of mood episodes in patients treated for acute mood episodes with standard therapy. ( 1.2 ) Limitations of Use: Treatment of acute manic or mixed episodes is not recommended. Effectiveness of lamotrigine in the acute treatment of mood episodes has not been estab || are receiving treatment with carbamazepine, phenytoin, phenobarbital, primidone, or valproate as the single antiepileptic drug. ( 1.1 ) Bipolar disorder : Maintenance treatment of bipolar I disorder to delay the time to occurrence of mood episodes in patients treated for acute mood episodes with standard therapy. ( 1.2 ) Limitations of Use: Treatment of acute manic or mixed episodes is not recommended. Effectiveness of lamotrigine in the acute treatment of mood episodes has not been estab || multan",NEED_REVIEW
CAND-DIS-0071,Bipolar I Disorder As Adjunct Therapy,,MENTAL,Bipolar I Disorder As Adjunct Therapy,SideEffectsWarnings,2,QUETIAPINE (Quetiapine); QUETIAPINE FUMARATE (Quetiapine fumarate),"405 patients exposed to quetiapine for the treatment of acute bipolar mania (monotherapy and adjunct therapy), 646 patients exposed to quetiapine for the maintenance treatment of bipolar I disorder as adjunct therapy, and approximately 2600 patients and/or normal subjects exposed to 1 or more doses of quetiapine for the treatment of schizophrenia. Of these approximately 4,300 subjects, approximately 4,000 (2,300 in schizophrenia, 405 in acute bipolar mania, 698 in bipolar depression, and 646 for || 405 patients exposed to quetiapine for the treatment of acute bipolar mania (monotherapy and adjunct therapy), 646 patients exposed to quetiapine for the maintenance treatment of bipolar I disorder as adjunct therapy, and approximately 2600 patients and/or normal subjects exposed to 1 or more doses of quetiapine for the treatment of schizophrenia. Of these approximately 4,300 subjects, approximately 4000 (2300 in schizophrenia, 405 in acute bipolar mania, 698 in bipolar depression, and 646 f",NEED_REVIEW
CAND-DIS-0072,Bipolar I Disorder Is Indicated As Part,,MENTAL,Bipolar I Disorder Is Indicated As Part,KnownIndications,2,QUETIAPINE (Quetiapine); QUETIAPINE FUMARATE (Quetiapine fumarate),"nitiated only after a thorough diagnostic evaluation has been performed and careful consideration given to the risks associated with medication treatment. Medication treatment for both pediatric schizophrenia and bipolar I disorder is indicated as part of a total treatment program that often includes psychological, educational and social interventions. || nitiated only after a thorough diagnostic evaluation has been performed and careful consideration given to the risks associated with medication treatment. Medication treatment for both pediatric schizophrenia and bipolar I disorder is indicated as part of a total treatment program that often includes psychological, educational and social interventions.",NEED_REVIEW
CAND-DIS-0073,Bipolar I Disorder Were Patients,,MENTAL,Bipolar I Disorder Were Patients,SideEffectsWarnings,2,QUETIAPINE (Quetiapine); QUETIAPINE FUMARATE (Quetiapine fumarate),"Of these approximately 4,300 subjects, approximately 4,000 (2,300 in schizophrenia, 405 in acute bipolar mania, 698 in bipolar depression, and 646 for the maintenance treatment of bipolar I disorder) were patients who participated in multiple dose effectiveness trials, and their experience corresponded to approximately 2,400 patient-years. The conditions and duration of treatment with queti || Of these approximately 4,300 subjects, approximately 4,000 (2,300 in schizophrenia, 405 in acute bipolar mania, 698 in bipolar depression, and 646 for the maintenance treatment of bipolar I disorder) were patients who participated in multiple dose effectiveness trials, and their experience corresponded to approximately 2,400 patient-years. The conditions and duration of treatment with queti || . Of these approximately 4,300 subjects, approximately 4000 (2300 in schizophrenia, 405 in acute bipolar mania, 698 in bipolar depression, and 646 for the maintenance treatment of bipolar I disorder) were p",NEED_REVIEW
CAND-DIS-0074,Bipolar Ii Disorder See Clinical Studies 14,,MENTAL,Bipolar Ii Disorder See Clinical Studies 14,KnownIndications,2,QUETIAPINE (Quetiapine); QUETIAPINE FUMARATE (Quetiapine fumarate),"ed as monotherapy for the acute treatment of depressive episodes associated with bipolar disorder. Efficacy was established in two 8-week monotherapy trials in adult patients with bipolar I and bipolar II disorder [ see Clinical Studies (14.2) ]. Quetiapine is indicated for the maintenance treatment of bipolar I disorder, as an adjunct to lithium or divalproex. Efficacy was established in two maintenance trials in ad || ed as monotherapy for the acute treatment of depressive episodes associated with bipolar disorder. Efficacy was established in two 8-week monotherapy trials in adult patients with bipolar I and bipolar II disorder [see CLINICAL STUDIES ( 14.2 )]. Quetiapine tablets are indicated for the maintenance treatment of bipolar I disorder, as an adjunct to lithium or divalproex. Efficacy was established in two maintenance tri",NEED_REVIEW
CAND-DIS-0075,Bone Marrow Depression or,,MENTAL,Bone Marrow Depression or,SideEffectsWarnings,2,PROCHLORPERAZINE MALEATE (Prochlorperazine Maleate); CHLORPROMAZINE HYDROCHLORIDE (chlorpromazine hydrochloride),"xicity and treatment discontinued promptly if such signs appear. This encephalopathic syndrome may be similar to or the same as neuroleptic malignant syndrome (NMS). Patients with bone marrow depression or who have previously demonstrated a hypersensitivity reaction (e.g., blood dyscrasias, jaundice) with a phenothiazine should not receive any phenothiazine, including Prochlorperazi || xicity and treatment discontinued promptly if such signs appear. This encephalopathic syndrome may be similar to or the same as neuroleptic malignant syndrome (NMS). Patients with bone marrow depression or who have previously demonstrated a hypersensitivity reaction (e.g., blood dyscrasias, jaundice) with a phenothiazine should not receive any phenothiazine, including Prochlorperazi || xicity and treatment discontinued promptly if such signs appear. This encephalopathic syndrome may be similar to or the same as neuroleptic malignant syndrome (NMS). Patients with bone marrow depression or who have previou",NEED_REVIEW
CAND-DIS-0076,Cardiovascular Mortality and Heart Failure Hospitalizations,,CARDIO,Cardiovascular Mortality and Heart Failure Hospitalizations,KnownIndications,2,METOPROLOL SUCCINATE ER TABLETS (Metoprolol Succinate); METOPROLOL SUCCINATE (Metoprolol Succinate),"uces the risk of fatal and non-fatal cardiovascular events, primarily strokes and myocardial infarctions. ( 1.1 ) • Angina Pectoris. ( 1.2 ) • Heart Failure, to reduce the risk of cardiovascular mortality and heart failure hospitalizations in patients with heart failure ( 1.3 ) 1.1 Hypertension Metoprolol succinate extended-release tablets are indicated for the treatment of hypertension, to lower blood pressure. Lowering blood pressure lowers the ris || e reduces the risk of fatal and non-fatal cardiovascular events, primarily strokes and myocardial infarctions. (1.1) • Angina Pectoris (1.2) • Heart Failure, to reduce the risk of cardiovascular mortality and heart failure hospitalizations in patients with heart failure. (1.3) 1.1 Hypertension Metoprolol succinate extended-release tablets are indicated for the treatment of hypertension, to lower blood pressure. Lowering blood pressure lowers the",NEED_REVIEW
CAND-DIS-0077,Cardiovascular Mortality and Heart-failure Hospitalization,,CARDIO,Cardiovascular Mortality and Heart-failure Hospitalization,KnownIndications,2,METOPROLOL SUCCINATE ER TABLETS (Metoprolol Succinate); METOPROLOL SUCCINATE (Metoprolol Succinate),"of angina pectoris, to reduce angina attacks and to improve exercise tolerance. 1.3 Heart Failure Metoprolol succinate extended-release tablets are indicated to reduce the risk of cardiovascular mortality and heart-failure hospitalization in patients with heart failure. || of angina pectoris, to reduce angina attacks and to improve exercise tolerance. 1.3 Heart Failure Metoprolol succinate extended-release tablets are indicated to reduce the risk of cardiovascular mortality and heart-failure hospitalization in patients with heart failure.",NEED_REVIEW
CAND-DIS-0078,Cockayne Syndrome,,OTHER,Cockayne Syndrome,ContraindicationsInteractions; SideEffectsWarnings,2,METRONIDAZOLE (Metronidazole),"ng and for at least three days after therapy with metronidazole (see PRECAUTIONS, Drug Interactions ). Cockayne Syndrome Metronidazole Tablets are contraindicated in patients with Cockayne syndrome. Severe irreversible hepatotoxicity/acute liver failure with fatal outcomes have been reported after initiation of metronidazole in patients with Cockayne syndrome (see ADVERSE RE || ng and for at least three days after therapy with metronidazole (see PRECAUTIONS, Drug Interactions ). Cockayne Syndrome Metronidazole Tablets are contraindicated in patients with Cockayne syndrome. Severe irreversible hepatotoxicity/acute liver failure with fatal outcomes have been reported after initiation of metronidazole in patients with Cockayne syndrome (see ADVERSE RE || n patients with Cockayne syndrome. Severe irreversible hepatotoxicity/acute liver failure with fatal outcomes have been reported after initiation of metronidazole in patients with Cockayne syndrome (see ADVERSE REACTIONS ).",NEED_REVIEW
CAND-DIS-0079,Crohn's Disease,,DIGESTIVE,Crohn's Disease,SideEffectsWarnings,2,KETOROLAC TROMETHAMINE (Ketorolac Tromethamine); METRONIDAZOLE (Metronidazole),"syndrome and toxic epidermal necrolysis Gastrointestinal: acute pancreatitis, liver failure, ulcerative stomatitis, exacerbation of inflammatory bowel disease (ulcerative colitis, Crohn's disease) Hemic and Lymphatic: agranulocytosis, aplastic anemia, hemolytic anemia, lymphadenopathy, pancytopenia, post operative wound hemorrhage (rarely requiring blood transfusion — see || alternate therapies that do not involve NSAIDs should be considered. NSAIDs should be given with care to patients with a history of inflammatory bowel disease (ulcerative colitis, Crohn's disease) as their condition may be exacerbated. Hemorrhage Because prostaglandins play an important role in hemostasis and NSAIDs affect platelet aggregation as well, use of ketorolac tro || is, and fleeting joint pains sometimes resembling ""serum sickness."" Rare cases of pancreatitis, which generally abated on withdrawal of the drug, have been reported. Patients with Crohn's disease are known to have an increased incidence of gas",NEED_REVIEW
CAND-DIS-0080,Diabetes See Precautions,,METABOLIC,Diabetes See Precautions,ContraindicationsInteractions,2,LISINOPRIL AND HYDROCHLOROTHIAZIDE (Lisinopril and Hydrochlorothiazide); TRANDOLAPRIL (Trandolapril),"hours of switching to or from sacubitril/valsartan, a neprilysin inhibitor (see WARNINGS ). Do not co-administer aliskiren with lisinopril and hydrochlorothiazide in patients with diabetes (see PRECAUTIONS, Drug Interactions ). || thic angioedema and in patients with a history of angioedema related to previous treatment with an ACE inhibitor. Do not co-administer aliskiren with trandolapril in patients with diabetes (see PRECAUTIONS, Drug Interactions ). Trandolapril tablets are contraindicated in combination with a neprilysin inhibitor (e.g., sacubitril). Do not administer trandolapril tablets within 36 hours of switching to or",NEED_REVIEW
CAND-DIS-0081,Essential Hypertension Treated,,CARDIO,Essential Hypertension Treated,SideEffectsWarnings,2,LISINOPRIL AND HYDROCHLOROTHIAZIDE TABLETS (Lisinopril and Hydrochlorothiazide); LISINOPRIL AND HYDROCHLOROTHIAZIDE (Lisinopril and Hydrochlorothiazide),"ings Serum Electrolytes: (See PRECAUTIONS ). Creatinine, Blood Urea Nitrogen: Minor reversible increases in blood urea nitrogen and serum creatinine were observed in patients with essential hypertension treated with lisinopril and hydrochlorothiazide tablets. More marked increases have also been reported and were more likely to occur in patients with renal artery stenosis (See PRECAUTIONS ). Serum Uric Acid, Glucose, Magnesium, Choles || ings Serum Electrolytes: (See PRECAUTIONS ). Creatinine, Blood Urea Nitrogen: Minor reversible increases in blood urea nitrogen and serum creatinine were observed in patients with essential hypertension treated with lisinopril and hydrochlorothiazide tablets. More marked increases have also been reported and were more likely to occur in patients with renal artery stenosis (See PRECAUTIONS ). Serum Uric Acid, Glucose, Magnesium, Choles || ngs Serum Electrolytes: (See PRECAUTIONS ) . Creatinine, Blood Urea Nitrogen: Minor reversible increases in blood ur",NEED_REVIEW
CAND-DIS-0082,Gastroesophageal Junction Cancer As A Component,,CANCER,Gastroesophageal Junction Cancer As A Component,KnownIndications; SideEffectsWarnings,2,CAPECITABINE (capecitabine),"ombination with docetaxel after disease progression on prior anthracycline-containing chemotherapy. ( 1.2 ) Gastric, Esophageal, or Gastroesophageal Junction Cancer • treatment of adults with unresectable or metastatic gastric, esophageal, or gastroesophageal junction cancer as a component of a combination chemotherapy regimen. ( 1.3 ) • treatment of adults with HER2-overexpressing metastatic gastric or gastroesophageal junction adenocarcinoma who have not received prior treatment for metastatic || taxel after disease progression on prior anthracycline-containing chemotherapy. 1.3 Gastric, Esophageal, or Gastroesophageal Junction Cancer Capecitabine tablets are indicated for the: • treatment of adults with unresectable or metastatic gastric, esophageal, or gastroesophageal junction cancer as a component of a combination chemotherapy regimen. • treatment of adults with HER2-overexpressing metastatic gastric or gastroesophageal junction adenocarcinoma who have not received prior treatmen",NEED_REVIEW
CAND-DIS-0083,Heart Disease,,CARDIO,Heart Disease,SideEffectsWarnings,2,DICLOFENAC SODIUM (Diclofenac Sodium); NORETHINDRONE ACETATE AND ETHINYL ESTRADIOL (Hailey 1.5/30),"outh Ask a doctor before us if you have problems or serious side effects from taking pain relievers or fever reducers stomach bleeding warning applies to you you have a history of stomach problems, such as heartburn you have high blood pressure, heart disease, liver cirrhosis, kidney disease, asthma, or had a stroke you are taking a diuretic you are under age 18 years. It is not known if this drug works or is safe in children under age 18 years. Ask a doctor or pharmacist before use if you are u || contraceptives have been shown to increase blood pressure among users (see section 9 in WARNINGS ). Similar effects on risk factors have been associated with an increased risk of heart disease. Oral contraceptives must be used with caution in women with cardiovascular disease risk factors. table2 b. Thromboembolism An increased risk of thromboembolic and thrombotic dise || contraceptives have been shown to increase blood pressure among users (see section 9 in WARNINGS ). Similar effects on r",NEED_REVIEW
CAND-DIS-0084,Heart Failure Hospitalizations,,CARDIO,Heart Failure Hospitalizations,KnownIndications,2,METOPROLOL SUCCINATE ER TABLETS (Metoprolol Succinate); METOPROLOL SUCCINATE (Metoprolol Succinate),"uces the risk of fatal and non-fatal cardiovascular events, primarily strokes and myocardial infarctions. ( 1.1 ) • Angina Pectoris. ( 1.2 ) • Heart Failure, to reduce the risk of cardiovascular mortality and heart failure hospitalizations in patients with heart failure ( 1.3 ) 1.1 Hypertension Metoprolol succinate extended-release tablets are indicated for the treatment of hypertension, to lower blood pressure. Lowering blood pressure lowers the ris || e reduces the risk of fatal and non-fatal cardiovascular events, primarily strokes and myocardial infarctions. (1.1) • Angina Pectoris (1.2) • Heart Failure, to reduce the risk of cardiovascular mortality and heart failure hospitalizations in patients with heart failure. (1.3) 1.1 Hypertension Metoprolol succinate extended-release tablets are indicated for the treatment of hypertension, to lower blood pressure. Lowering blood pressure lowers the",NEED_REVIEW
CAND-DIS-0085,Heart-failure,,CARDIO,Heart-failure,KnownIndications,2,METOPROLOL SUCCINATE ER TABLETS (Metoprolol Succinate); METOPROLOL SUCCINATE (Metoprolol Succinate),angina attacks and to improve exercise tolerance. 1.3 Heart Failure Metoprolol succinate extended-release tablets are indicated to reduce the risk of cardiovascular mortality and heart-failure hospitalization in patients with heart failure. || angina attacks and to improve exercise tolerance. 1.3 Heart Failure Metoprolol succinate extended-release tablets are indicated to reduce the risk of cardiovascular mortality and heart-failure hospitalization in patients with heart failure.,NEED_REVIEW
CAND-DIS-0086,Heart-failure Hospitalization,,CARDIO,Heart-failure Hospitalization,KnownIndications,2,METOPROLOL SUCCINATE ER TABLETS (Metoprolol Succinate); METOPROLOL SUCCINATE (Metoprolol Succinate),"of angina pectoris, to reduce angina attacks and to improve exercise tolerance. 1.3 Heart Failure Metoprolol succinate extended-release tablets are indicated to reduce the risk of cardiovascular mortality and heart-failure hospitalization in patients with heart failure. || of angina pectoris, to reduce angina attacks and to improve exercise tolerance. 1.3 Heart Failure Metoprolol succinate extended-release tablets are indicated to reduce the risk of cardiovascular mortality and heart-failure hospitalization in patients with heart failure.",NEED_REVIEW
CAND-DIS-0087,Her2-negative Breast Cancer,,CANCER,Her2-negative Breast Cancer,KnownIndications; SideEffectsWarnings,2,EVEROLIMUS (Everolimus),"1. INDICATIONS AND USAGE Everolimus tablets are a kinase inhibitor indicated for the treatment of: Postmenopausal women with advanced hormone receptor-positive, HER2-negative breast cancer in combination with exemestane after failure of treatment with letrozole or anastrozole. ( 1.1 ) Adults with progressive neuroendocrine tumors of pancreatic origin (PNET) and adults with progressive, well-differentiated, non-functional neuroendocrine tumors (NET) of || patients aged 2 years and older with TSC-associated partial-onset seizures. ( 1.6 ) 1.1 Hormone Receptor-Positive, HER2-Negative Breast Cancer Everolimus tablets are indicated for the treatment of postmenopausal women with advanced hormone receptor-positive, HER2-negative breast cancer in combination with exemestane, after failure of treatment with letrozole or anastrozole. 1.2 Neuroendocrine Tumors (NET) Everolimus tablets are indicated for the treatment of adult patients with progressive neuro || ith exemestane (25 mg orally once dai",NEED_REVIEW
CAND-DIS-0088,Hunter Syndrome,,OTHER,Hunter Syndrome,KnownIndications; SideEffectsWarnings,2,TIVIDENOFUSP ALFA-EKNM (AVLAYAH),n of clinical benefit in a confirmatory trial(s). Limitations of Use AVLAYAH is not recommended for use in combination with other enzyme replacement therapies for the treatment of Hunter syndrome. AVLAYAH is a hydrolytic lysosomal glycosaminoglycan (GAG)-specific enzyme indicated for the treatment of neurologic manifestations of Hunter syndrome (Mucopolysaccharidosis type || n of clinical benefit in a confirmatory trial(s). Limitations of Use AVLAYAH is not recommended for use in combination with other enzyme replacement therapies for the treatment of Hunter syndrome. AVLAYAH is a hydrolytic lysosomal glycosaminoglycan (GAG)-specific enzyme indicated for the treatment of neurologic manifestations of Hunter syndrome (Mucopolysaccharidosis type || ly compared to rates in the clinical trials of another drug and may not reflect the rates observed in practice. The safety of AVLAYAH was evaluated in male pediatric patients with Hunter syndrome in Trial 1 [see Clinical Studies (14) ] . A tota,NEED_REVIEW
CAND-DIS-0089,Hypertension Receiving Lisinopril Alone,,CARDIO,Hypertension Receiving Lisinopril Alone,SideEffectsWarnings,2,LISINOPRIL AND HYDROCHLOROTHIAZIDE TABLETS (Lisinopril and Hydrochlorothiazide); LISINOPRIL AND HYDROCHLOROTHIAZIDE (Lisinopril and Hydrochlorothiazide),"PRECAUTIONS, Drug Interactions and ADVERSE REACTIONS .) Syncope has been reported in 0.8 percent of patients receiving lisinopril and hydrochlorothiazide tablets. In patients with hypertension receiving lisinopril alone, the incidence of syncope was 0.1 percent. The overall incidence of syncope may be reduced by proper titration of the individual components. (See PRECAUTIONS, Drug Interactions , ADVERSE REACTIONS and DOSAGE AND || . (See PRECAUTIONS , Drug Interactions and ADVERSE REACTIONS .) Syncope has been reported in 0.8 percent of patients receiving lisinopril and hydrochlorothiazide. In patients with hypertension receiving lisinopril alone, the incidence of syncope was 0.1 percent. The overall incidence of syncope may be reduced by proper titration of the individual components. (See PRECAUTIONS, Drug Interactions , ADVERSE REACTIONS and DOSAGE AND",NEED_REVIEW
CAND-DIS-0090,Hypertension Receiving Lisinopril Alone The Incidence,,CARDIO,Hypertension Receiving Lisinopril Alone The Incidence,SideEffectsWarnings,2,LISINOPRIL AND HYDROCHLOROTHIAZIDE TABLETS (Lisinopril and Hydrochlorothiazide); LISINOPRIL AND HYDROCHLOROTHIAZIDE (Lisinopril and Hydrochlorothiazide),"PRECAUTIONS, Drug Interactions and ADVERSE REACTIONS .) Syncope has been reported in 0.8 percent of patients receiving lisinopril and hydrochlorothiazide tablets. In patients with hypertension receiving lisinopril alone, the incidence of syncope was 0.1 percent. The overall incidence of syncope may be reduced by proper titration of the individual components. (See PRECAUTIONS, Drug Interactions , ADVERSE REACTIONS and DOSAGE AND || . (See PRECAUTIONS , Drug Interactions and ADVERSE REACTIONS .) Syncope has been reported in 0.8 percent of patients receiving lisinopril and hydrochlorothiazide. In patients with hypertension receiving lisinopril alone, the incidence of syncope was 0.1 percent. The overall incidence of syncope may be reduced by proper titration of the individual components. (See PRECAUTIONS, Drug Interactions , ADVERSE REACTIONS and DOSAGE AND",NEED_REVIEW
CAND-DIS-0091,Hypertension That Occur During Induction,,CARDIO,Hypertension That Occur During Induction,KnownIndications,2,ESMOLOL HYDROCHLORIDE (Esmolol Hydrochloride); ESMOLOL HYDROCHLORIDE IN SODIUM CHLORIDE (esmolol hydrochloride in sodium chloride),"molol hydrochloride injection is intended for short-term use. 1.2 Intraoperative and Postoperative Tachycardia and/or Hypertension Esmolol hydrochloride injection is indicated for the short-term treatment of tachycardia and hypertension that occur during induction and tracheal intubation, during surgery, on emergence from anesthesia and in the postoperative period, when in the physician’s judgment such specific intervention is considered indicated. Use of esmolol hydrochloride injection to preve || injection is intended for short-term use. 1.2 Intraoperative and Postoperative Tachycardia and/or Hypertension Esmolol hydrochloride in sodium chloride injection is indicated for the short-term treatment of tachycardia and hypertension that occur during induction and tracheal intubation, during surgery, on emergence from anesthesia and in the postoperative period, when in the physician’s judgment such specific intervention is considered indicated. Use of esmolol hydrochloride in sodium chlor",NEED_REVIEW
CAND-DIS-0092,Ischemic Heart or Cerebrovascular Disease,,CARDIO,Ischemic Heart or Cerebrovascular Disease,SideEffectsWarnings,2,LISINOPRIL AND HYDROCHLOROTHIAZIDE TABLETS (Lisinopril and Hydrochlorothiazide); LISINOPRIL AND HYDROCHLOROTHIAZIDE (Lisinopril and Hydrochlorothiazide),"nts should be followed closely for the first two weeks of treatment and whenever the dose of lisinopril and/or diuretic is increased. Similar considerations apply to patients with ischemic heart or cerebrovascular disease in whom an excessive fall in blood pressure could result in a myocardial infarction or cerebrovascular accident. If hypotension occurs, the patient should be placed in supine position and, if necessary, receive an intravenous infusion of normal saline. A transient hypotensive r || nts should be followed closely for the first two weeks of treatment and whenever the dose of lisinopril and/or diuretic is increased. Similar considerations apply to patients with ischemic heart or cerebrovascular disease in whom an excessive fall in blood pressure could result in a myocardial infarction or cerebrovascular accident. If hypotension occurs, the patient should be placed in the supine position and, if necessary, receive an intravenous infusion of normal saline. A transient hypot",NEED_REVIEW
CAND-DIS-0093,Kidney Disease On Dialysis,,UROLOGY,Kidney Disease On Dialysis,KnownIndications; SideEffectsWarnings,2,CINACALCET (CINACALCET),1 INDICATIONS AND USAGE Cinacalcet is a positive modulator of the calcium sensing receptor indicated for: Secondary Hyperparathyroidism (HPT) in adult patients with chronic kidney disease (CKD) on dialysis. ( 1.1 ) Limitations of Use : Cinacalcet tablets are not indicated for use in patients with CKD who are not on dialysis Hypercalcemia in adult patients with Parathyroid Carcinoma || 1 INDICATIONS AND USAGE Cinacalcet is a positive modulator of the calcium sensing receptor indicated for: Secondary Hyperparathyroidism (HPT) in adult patients with chronic kidney disease (CKD) on dialysis. ( 1.1 ) Limitations of Use : Cinacalcet tablets are not indicated for use in patients with CKD who are not on dialysis Hypercalcemia in adult patients with Parathyroid Carcinoma || be directly compared with rates in the clinical trials of another drug and may not reflect the rates observed in clinical practice. Secondary Hyperparathyroidism in Patients with Chronic Kidney Disease on Dialysis In three d,NEED_REVIEW
CAND-DIS-0094,Life-threatening Respiratory Depression,,RESPIRATORY,Life-threatening Respiratory Depression,SideEffectsWarnings,2,ACETAMINOPHEN AND CODEINE PHOSPHATE (Acetaminophen and Codeine Phosphate); HYDROCODONE BITARTRATE AND ACETAMINOPHEN (Hydrocodone Bitartrate and Acetaminophen),"leep apnea who are treated with codeine for post-tonsillectomy and/or adenoidectomy pain may be particularly sensitive to its respiratory depressant effect. Because of the risk of life-threatening respiratory depression and death: • Acetaminophen and codeine phosphate tablets are contraindicated for all children younger than 12 years of age [see CONTRAINDICATIONS ]. • Acetaminophen and codeine phosphate tablets are contraindicated for post- operative management in pediatric patients younger than || odone bitartrate and acetaminophen tablets along with frequent reevaluation for signs of addiction, abuse, and misuse. Consider prescribing naloxone for the emergency treatment of opioid overdose [see WARNINGS, Life-Threatening Respiratory Depression ; DOSAGE AND ADMINISTRATION, Patient Access to Naloxone for The Emergency Treatment of Opioid Overdose ]. Opioids are sought for nonmedical use and are subject to diversion from le || ducate them on the signs and symptoms of respiratory depressi",NEED_REVIEW
CAND-DIS-0095,Liver Disease A History,,OTHER,Liver Disease A History,SideEffectsWarnings,2,LOPERAMIDE HCL (anti diarrheal); LOPERAMIDE HYDROCHLORIDE (Imodium A-D),"han directed can cause serious heart problems or death Do not use if you have bloody or black stool Ask a doctor before use if you have • fever • mucus in the stool • a history of liver disease • a history of abnormal heart rhythm Ask a doctor or pharmacist before use if you are taking a prescription drug. Loperamide may interact with certain prescription drugs. When using this product tiredness, drowsiness or dizziness may occur. Be careful when driving or operating machinery. Sto || han directed can cause serious heart problems or death Do not use if you have bloody or black stool Ask a doctor before use if you have • fever • mucus in the stool • a history of liver disease • a history of abnormal heart rhythm Ask a doctor or pharmacist before use if you are taking a prescription drug. Loperamide may interact with certain prescription drugs. When using this product tiredness, drowsiness or dizziness may occur. Be careful when driving or operating machinery. Sto || more than directed c",NEED_REVIEW
CAND-DIS-0096,Metastatic Disease As A Component,,OTHER,Metastatic Disease As A Component,KnownIndications; SideEffectsWarnings,2,CAPECITABINE (capecitabine),emotherapy regimen. ( 1.3 ) • treatment of adults with HER2-overexpressing metastatic gastric or gastroesophageal junction adenocarcinoma who have not received prior treatment for metastatic disease as a component of a combination regimen. ( 1.3 ) Pancreatic Cancer • adjuvant treatment of adults with pancreatic adenocarcinoma as a component of a combination chemotherapy regimen. ( 1.4 ) 1.1 Colorectal Cancer Capeci || emotherapy regimen. ( 1.3 ) • treatment of adults with HER2-overexpressing metastatic gastric or gastroesophageal junction adenocarcinoma who have not received prior treatment for metastatic disease as a component of a combination regimen. ( 1.3 ) Pancreatic Cancer • adjuvant treatment of adults with pancreatic adenocarcinoma as a component of a combination chemotherapy regimen. ( 1.4 ) 1.1 Colorectal Cancer Capeci || ation chemotherapy regimen. • treatment of adults with HER2-overexpressing metastatic gastric or gastroesophageal junction adenocarcinoma who have not recei,NEED_REVIEW
CAND-DIS-0097,Metastatic Non-small Cell Lung Cancer,,CANCER,Metastatic Non-small Cell Lung Cancer,KnownIndications,2,TRAMETINIB (Mekinist); DOCETAXEL ANHYDROUS (Docetaxel),"th melanoma with BRAF V600E or V600K mutations, as detected by an FDA-approved test, and involvement of lymph node(s), following complete resection. ( 1.2 , 2.1 ) the treatment of patients with metastatic non-small cell lung cancer (NSCLC) with BRAF V600E mutation as detected by an FDA-approved test. ( 1.3 , 2.1 ) the treatment of patients with locally advanced or metastatic anaplastic thyroid cancer (ATC) with BRAF V600E mutation, as detected by an FDA-approved test, and wit || th melanoma with BRAF V600E or V600K mutations, as detected by an FDA-approved test, and involvement of lymph node(s), following complete resection. ( 1.2 , 2.1 ) the treatment of patients with metastatic non-small cell lung cancer (NSCLC) with BRAF V600E mutation as detected by an FDA-approved test. ( 1.3 , 2.1 ) the treatment of patients with locally advanced or metastatic anaplastic thyroid cancer (ATC) with BRAF V600E mutation, as detected by an FDA-approved test, and wit || lete resection [see Dosage and A",NEED_REVIEW
CAND-DIS-0098,Mucous Colitis,,DIGESTIVE,Mucous Colitis,KnownIndications,2,CHLORDIAZEPOXIDE HYDROCHLORIDE AND CLIDINIUM BROMIDE (Chlordiazepoxide Hydrochloride and Clidinium Bromide); HYOSCYAMINE SULFATE (Hyoscyamine ER),"otional and somatic factors in gastrointestinal disorders. Chlordiazepoxide hydrochloride and clidinium bromide capsules may also be used as adjunctive therapy in the treatment of peptic ulcer and in the treatment of the irritable bowel syndrome (irritable colon, spastic colon, mucous colitis) and acute enterocolitis. || nctional intestinal disorders to reduce symptoms such as those seen in mild dysenteries, diverticulitis, and acute enterocolitis. For use as adjunctive therapy in the treatment of irritable bowel syndrome (irritable colon, spastic colon, mucous colitis) and functional gastrointestinal disorders. Also used as adjunctive therapy in the treatment of neurogenic bladder andmneurogenic bowel disturbances (including the splenic flexure syndrome and neurogenic colon). Hyoscyamin",NEED_REVIEW
CAND-DIS-0099,Narrow-angle Glaucoma,,OTHER,Narrow-angle Glaucoma,ContraindicationsInteractions; SideEffectsWarnings,2,DIPHENHYDRAMINE HYDROCHLORIDE (Diphenhydramine); DIAZEPAM (Diazepam),"NS, contact Avenacy at 1-855-283-6229 or FDA at 1-800-FDA-1088 or www.fda.gov/medwatch. Warnings: WARNINGS Antihistamines should be used with considerable caution in patients with narrow-angle glaucoma, stenosing peptic ulcer, pyloroduodenal obstruction, symptomatic prostatic hypertrophy or bladder-neck obstruction. Local necrosis has been associated with the use of subcutaneous or intradermal use of intravenous diphenhydramine. Use in Pediatric Patients In pediatric patients, especially, an || ncy, severe hepatic insufficiency, and sleep apnea syndrome. They may be used in patients with open-angle glaucoma who are receiving appropriate therapy, but is contraindicated in acute narrow-angle glaucoma. || ncy, severe hepatic insufficiency, and sleep apnea syndrome. They may be used in patients with open-angle glaucoma who are receiving appropriate therapy, but is contraindicated in acute narrow-angle glaucoma.",NEED_REVIEW
CAND-DIS-0100,Open-angle Glaucoma,,OTHER,Open-angle Glaucoma,ContraindicationsInteractions; KnownIndications,2,DIAZEPAM (Diazepam); DORZOLAMIDE HYDROCHLORIDE (Dorzolamide Hydrochloride),"lso contraindicated in patients with myasthenia gravis, severe respiratory insufficiency, severe hepatic insufficiency, and sleep apnea syndrome. They may be used in patients with open-angle glaucoma who are receiving appropriate therapy, but is contraindicated in acute narrow-angle glaucoma. || lso contraindicated in patients with myasthenia gravis, severe respiratory insufficiency, severe hepatic insufficiency, and sleep apnea syndrome. They may be used in patients with open-angle glaucoma who are receiving appropriate therapy, but is contraindicated in acute narrow-angle glaucoma. || 1 INDICATIONS AND USAGE Dorzolamide Hydrochloride Ophthalmic Solution is indicated in the treatment of elevated intraocular pressure in patients with ocular hypertension or open-angle glaucoma. Dorzolamide Hydrochloride Ophthalmic Solution is a carbonic anhydrase inhibitor indicated for the treatment of elevated intraocular pressure in patients with ocular hypertension",NEED_REVIEW
CAND-DIS-0101,Other Serious Cardiac Disease,,OTHER,Other Serious Cardiac Disease,SideEffectsWarnings,2,"AMPHETAMINE SULFATE (Amphetamine Sulfate); DEXTROAMPHETAMINE SACCHARATE, AMPHETAMINE ASPARTATE, DEXTROAMPHETAMINE SULFATE AND AMPHETAMINE SULFATE (DEXTROAMPHETAMINE SACCHARATE, AMPHETAMINE ASPARTATE, DEXTROAMPHETAMINE SULFATE AND AMPHETAMINE SULFATE)","blets treatment, reassess each patient’s risk of abuse, misuse, and addiction and frequently monitor for signs and symptoms of abuse, misuse, and addiction. Risks to Patients with Serious Cardiac Disease Sudden death has been reported in patients with structural cardiac abnormalities or other serious cardiac disease who are treated with CNS stimulants at the recommended ADHD dosages. Avoid amphetamine sulfate tablets use in patients with known structural cardiac abnormalities, cardiomyopathy, || cardiac abnormalities or other serious cardiac disease who are treated with CNS stimulants at the recommended ADHD dosages. Avoid amphetamine sulfate tablets use in patients with known structural cardiac abnormalities, cardiomyopathy, serious cardiac arrhythmia, coronary artery disease, or other serious cardiac disease. Increased Blood Pressure and Heart Rate CNS stimulants cause an increase in blood pressure (mean increase about 2 to 4 mm Hg) and heart rate (mean increase about 3 to 6 bpm). Mo",NEED_REVIEW
CAND-DIS-0102,Parathyroid Carcinoma,,CANCER,Parathyroid Carcinoma,KnownIndications; SideEffectsWarnings,2,CINACALCET (CINACALCET),"ease (CKD) on dialysis. ( 1.1 ) Limitations of Use : Cinacalcet tablets are not indicated for use in patients with CKD who are not on dialysis Hypercalcemia in adult patients with Parathyroid Carcinoma (PC). ( 1.2 ) Hypercalcemia in adult patients with primary HPT for whom parathyroidectomy would be indicated on the basis of serum calcium levels, but who are unable to undergo parathy || ease (CKD) on dialysis. ( 1.1 ) Limitations of Use : Cinacalcet tablets are not indicated for use in patients with CKD who are not on dialysis Hypercalcemia in adult patients with Parathyroid Carcinoma (PC). ( 1.2 ) Hypercalcemia in adult patients with primary HPT for whom parathyroidectomy would be indicated on the basis of serum calcium levels, but who are unable to undergo parathy || lind placebo-controlled study for cinacalcet tablets versus placebo are as follows: seizure (2.5%, 1.6%), rash (2.2%, 1.9%), hypersensitivity reactions (9.4%, 8.3%). Patients with Parathyroid Carcinoma and Primary Hyperp",NEED_REVIEW
CAND-DIS-0103,Parkinson's Disease Is Unknown,,NEURO,Parkinson's Disease Is Unknown,MechanismOfAction,2,PRAMIPEXOLE DIHYDROCHLORIDE (Pramipexole dihydrochloride); ROPINIROLE HYDROCHLORIDE (ROPINIROLE HYDROCHLORIDE),"he D 2 subfamily of dopamine receptors, binding with higher affinity to D 3 than to D 2 or D 4 receptor subtypes. The precise mechanism of action of pramipexole as a treatment for Parkinson's disease is unknown, although it is believed to be related to its ability to stimulate dopamine receptors in the striatum. This conclusion is supported by electrophysiologic studies in animals that have demonstrated that pramipexole influences striatal neuronal firing rates via activation of dopamine || 12.1 Mechanism of Action Ropinirole is a non-ergoline dopamine agonist. The precise mechanism of action of ropinirole as a treatment for Parkinson’s disease is unknown, although it is thought to be related to its ability to stimulate dopamine D2 receptors within the caudate-putamen in the brain. The precise mechanism of action of ropinirole as a treatment for Restless Legs Syndrome is unknown, although it is thought to be related to its ability to stimulate dopamine rece",NEED_REVIEW
CAND-DIS-0104,Peripheral Vascular Disease,,CARDIO,Peripheral Vascular Disease,SideEffectsWarnings,2,VARENICLINE (Varenicline); AMLODIPINE BESYLATE (Amlodipine Besylate),"ngina pectoris 0.6 1.1 Beyond 30 days after treatment and up to 52 weeks Need for coronary revascularization * 2.0 0.6 Hospitalization for angina pectoris 1.7 1.1 New diagnosis of peripheral vascular disease (PVD) or admission for a PVD procedure 1.4 0.6 In the trial of patients with stable schizophrenia or schizoaffective disorder (5), 128 smokers on antipsychotic medication were randomized 2:1 to varenicline (1 mg twice da || se of amlodipine. Postmarketing reporting has also revealed a possible association between extrapyramidal disorder and amlodipine. Amlodipine has been used safely in patients with chronic obstructive pulmonary disease, well-compensated congestive heart failure, coronary artery disease, peripheral vascular disease, diabetes mellitus, and abnormal lipid profiles.",NEED_REVIEW
CAND-DIS-0105,Plaque Psoriasis,Vảy nến thể mảng,DERMATOLOGY,Plaque Psoriasis,KnownIndications; SideEffectsWarnings,2,TAZAROTENE (TAZORAC),"1 INDICATIONS AND USAGE TAZORAC ® Cream 0.05% and 0.1% is a retinoid indicated for the topical treatment of plaque psoriasis. ( 1.1 ) TAZORAC Cream 0.1% is indicated for the topical treatment of acne vulgaris. ( 1.2 ) 1.1 Plaque Psoriasis TAZORAC ® (tazarotene) Cream, 0.05% and 0.1% are indicated for th || 05% and 0.1% is a retinoid indicated for the topical treatment of plaque psoriasis. ( 1.1 ) TAZORAC Cream 0.1% is indicated for the topical treatment of acne vulgaris. ( 1.2 ) 1.1 Plaque Psoriasis TAZORAC ® (tazarotene) Cream, 0.05% and 0.1% are indicated for the topical treatment of patients with plaque psoriasis. 1.2 Acne Vulgaris TAZORAC (tazarotene) Cream, 0.1% is also || ated for the topical treatment of acne vulgaris. ( 1.2 ) 1.1 Plaque Psoriasis TAZORAC ® (tazarotene) Cream, 0.05% and 0.1% are indicated for the topical treatment of patients with plaque psoriasis. 1.2 Acne Vulgaris TAZORAC (tazarotene) Cream, 0.1% is also indicated for the topical treatment of patients with acn",NEED_REVIEW
CAND-DIS-0106,Pre-existing Psychotic Disorder,,OTHER,Pre-existing Psychotic Disorder,SideEffectsWarnings,2,"AMPHETAMINE SULFATE (Amphetamine Sulfate); DEXTROAMPHETAMINE SACCHARATE, AMPHETAMINE ASPARTATE, DEXTROAMPHETAMINE SULFATE AND AMPHETAMINE SULFATE (DEXTROAMPHETAMINE SACCHARATE, AMPHETAMINE ASPARTATE, DEXTROAMPHETAMINE SULFATE AND AMPHETAMINE SULFATE)","rtension. Psychiatric Adverse Reactions Exacerbation of Pre-Existing Psychosis CNS stimulants may exacerbate symptoms of behavior disturbance and thought disorder in patients with a pre-existing psychotic disorder. Induction of a Manic Episode in Patients with Bipolar Disorder CNS stimulants may induce a manic or mixed episode in patients. Prior to initiating amphetamine sulfate tablets, sc || rtension. Psychiatric Adverse Reactions Exacerbation of Pre-Existing Psychosis CNS stimulants may exacerbate symptoms of behavior disturbance and thought disorder in patients with a pre-existing psychotic disorder. Induction of a Manic Episode in Patients with Bipolar Disorder CNS stimulants may induce a manic or mixed episode in patients. Prior to initiating amphetamine sulfate tablets, sc || ertension. Psychiatric Adverse Reactions Exacerbation of Preexisting Psychosis CNS stimulants may exacerbate symptoms of behavior disturbance and thought disorder in patients with a pre-existing psychotic d",NEED_REVIEW
CAND-DIS-0107,Pseudomembranous Colitis Has Been Established,,DIGESTIVE,Pseudomembranous Colitis Has Been Established,SideEffectsWarnings,2,ERYTHROMYCIN (erythromycin); CEFAZOLIN (Cefazolin),"ay permit overgrowth of clostridia. Studies indicate that a toxin produced by Clostridium difficile is one primary cause of “antibiotic-associated colitis”. After the diagnosis of pseudomembranous colitis has been established, therapeutic measures should be initiated. Mild cases of pseudomembranous colitis usually respond to drug discontinuation alone. In moderate to severe cases, consideration should be given to management with fluids and ele || may permit overgrowth of clostridia. Studies indicate that a toxin produced by Clostridium difficile is a primary cause of “antibiotic‑associated colitis.” After the diagnosis of pseudomembranous colitis has been established, therapeutic measures should be initiated. Mild cases of pseudomembranous colitis usually respond to drug discontinuation alone. In moderate to severe cases, consideration should be given to management with fluids and ele",NEED_REVIEW
CAND-DIS-0108,Psychiatric Disorder,,OTHER,Psychiatric Disorder,SideEffectsWarnings,2,VARENICLINE (Varenicline); ISOTRETINOIN (Isotretinoin),"tive disorder, (6) a trial conducted in patients with major depressive disorder, (7) a postmarketing neuropsychiatric safety outcome trial in patients without or with a history of psychiatric disorder, (8) a non-treatment extension of the postmarketing neuropsychiatric safety outcome trial that assessed CV safety, (9) a trial in patients who were not able or willing to quit abruptly and who were instructed to quit gradually (“gradual approach to quitting smoking trial”). Adverse events in the tr || d above Depressed mood disorders and disturbances 11 9 Anxiety 7 9 Agitation 7 4 Tension 4 3 Hostility 2 0.4 Restlessness 2 2 In the trial of patients without or with a history of psychiatric disorder (7), the most common adverse events in subjects treated with varenicline were similar to those observed in premarketing studies. Most common treatment-emergent adverse events reported in this trial are shown in Table 5 below. Table 5. Treatment Emergent Common AEs (%) in the Trial of Patients w",NEED_REVIEW
CAND-DIS-0109,Rosacea,,DERMATOLOGY,Rosacea,KnownIndications; SideEffectsWarnings,2,"DOXEPIN HYDROCHLORIDE (Doxepin hydrochloride); SULFACETAMIDE SODIUM, SULFUR (SODIUM SULFACETAMIDE AND SULFUR)","aryngeal disorder, rhinorrhea, dyspnea. Skin and Subcutaneous Tissue Disorders: Infrequent: skin irritation; Rare: cold sweat, dermatitis, erythema, hyperhidrosis, pruritis, rash, rosacea. Surgical and Medical Procedures: Rare: arthrodesis. Vascular Disorders : Infrequent: pallor; Rare: blood pressure inadequately controlled, hematoma, hot flush. In addition, the r || INDICATIONS: This product is indicated for use in the topical control of acne vulgaris, acne rosacea and seborrheic dermatitis.",NEED_REVIEW
CAND-DIS-0110,Schizoaffective Disorder,,OTHER,Schizoaffective Disorder,SideEffectsWarnings,2,VARENICLINE (Varenicline); OLANZAPINE (Olanzapine),"ion * 2.0 0.6 Hospitalization for angina pectoris 1.7 1.1 New diagnosis of peripheral vascular disease (PVD) or admission for a PVD procedure 1.4 0.6 In the trial of patients with stable schizophrenia or schizoaffective disorder (5), 128 smokers on antipsychotic medication were randomized 2:1 to varenicline (1 mg twice daily) or placebo for 12 weeks with 12-week non-drug follow-up. The most common treatment emergent adverse events reported in this trial are shown in Table 3 below. Table 3. Commo || ation. In a single 8-week randomized, double-blind, fixed-dose study comparing 10 mg/day (N=199), 20 mg/day (N=200) and 40 mg/day (N=200) of oral olanzapine in adult patients with schizophrenia or schizoaffective disorder, incidence of fatigue (10 mg/day: 1.5%; 20 mg/day: 2.1%; 40 mg/day: 6.6%) was observed with significant differences between 10 mg/day vs 40 mg/day and 20 mg/day vs 40 mg/day. The incidence of dizziness (10 mg/day: 2",NEED_REVIEW
CAND-DIS-0111,Seborrheic Dermatitis,,DERMATOLOGY,Seborrheic Dermatitis,KnownIndications; SideEffectsWarnings,2,"KETOCONAZOLE (Ketoconazole); SULFACETAMIDE SODIUM, SULFUR (SODIUM SULFACETAMIDE AND SULFUR)","ADVERSE REACTIONS Clinical Trials Experience In 11 double-blind trials in 264 patients using ketoconazole shampoo, 2% for the treatment of dandruff or seborrheic dermatitis, an increase in normal hair loss and irritation occurred in less than 1% of patients. In three open label safety trials in which 41 patients shampooed 4-10 times weekly for six months, the following adverse experiences each occurred once: abnormal hair texture, sc || INDICATIONS: This product is indicated for use in the topical control of acne vulgaris, acne rosacea and seborrheic dermatitis.",NEED_REVIEW
CAND-DIS-0112,Skin Cancer and Early Skin Ageing,,CANCER,Skin Cancer and Early Skin Ageing,KnownIndications,2,"AVOBENZONE, HOMOSALATE OCTISALATE, OCTOCRYLENE (CLEAR GLOW BROAD SPECTRUM SUNCREEN SPF 50); TITANIUM OXIDE, ZINC OXIDE (NAKED SUNDAYS CABANA GLOW MINERAL GLOW SERUM DROPS BRONZE 40mL with wild Rosella SPF 50)","USES Helps prevent sunburn. If used as directed with other sun protection measures (see directions), decreases the risk of skin cancer and early skin ageing caused by the sun. || USES Uses: Helps prevent sunburn. If used as directed with other sun protection measures (see directions), decreases the risk of skin cancer and early skin ageing caused by the sun.",NEED_REVIEW
CAND-DIS-0113,Social Anxiety Disorder,,MENTAL,Social Anxiety Disorder,KnownIndications; SideEffectsWarnings,2,SERTRALINE HYDROCHLORIDE (Sertraline Hydrochloride),iety of the feared situation is associated with functional impairment or marked distress. The efficacy of Sertraline hydrochloride in maintaining a response in adult patients with social anxiety disorder for up to 24 weeks following 20 weeks of Sertraline hydrochloride treatment was demonstrated in a placebo-controlled trial. Physicians who prescribe Sertraline hydrochloride for extended periods should periodically reevaluate the long-term usefulness of the drug for the individual patient (see C || iety of the feared situation is associated with functional impairment or marked distress. The efficacy of Sertraline hydrochloride in maintaining a response in adult patients with social anxiety disorder for up to 24 weeks following 20 weeks of Sertraline hydrochloride treatment was demonstrated in a placebo-controlled trial. Physicians who prescribe Sertraline hydrochloride for extended periods should periodically reevaluate the long-term usefulness of the drug for the individual patient (s,NEED_REVIEW
CAND-DIS-0114,Ulcer Disease,,DIGESTIVE,Ulcer Disease,SideEffectsWarnings,2,ETODOLAC (Etodolac); NABUMETONE (Nabumetone),"ents about the signs and/or symptoms of serious GI toxicity and what steps to take if they occur. NSAIDs should be prescribed with extreme caution in those with a prior history of ulcer disease or gastrointestinal bleeding. Patients with a prior history of peptic ulcer disease, and/or gastrointestinal bleeding , and who use NSAIDs have a greater than 10-fold increased risk for developing a GI bleed || ds, institute an appropriate ulcer treatment regimen and monitor the patients progress carefully. NSAIDs should be prescribed with extreme caution in those with a prior history of ulcer disease or gastrointestinal bleeding. Patients with a prior history of peptic ulcer disease and/or gastrointestinal bleeding who use NSAIDs have a greater than 10 fold increased risk for developing a GI bleed compare",NEED_REVIEW
CAND-DIS-0115,Ulcer Disease or Gastrointestinal Bleeding,,DIGESTIVE,Ulcer Disease or Gastrointestinal Bleeding,SideEffectsWarnings,2,ETODOLAC (Etodolac); NABUMETONE (Nabumetone),"ents about the signs and/or symptoms of serious GI toxicity and what steps to take if they occur. NSAIDs should be prescribed with extreme caution in those with a prior history of ulcer disease or gastrointestinal bleeding. Patients with a prior history of peptic ulcer disease, and/or gastrointestinal bleeding , and who use NSAIDs have a greater than 10-fold increased risk for developing a GI bleed || ds, institute an appropriate ulcer treatment regimen and monitor the patients progress carefully. NSAIDs should be prescribed with extreme caution in those with a prior history of ulcer disease or gastrointestinal bleeding. Patients with a prior history of peptic ulcer disease and/or gastrointestinal bleeding who use NSAIDs have a greater than 10 fold increased risk for developing a GI bleed compare",NEED_REVIEW
CAND-DIS-0116,Vomiting Associated with Highly Emetogenic Cancer Chemotherapy,,CANCER,Vomiting Associated with Highly Emetogenic Cancer Chemotherapy,KnownIndications,2,ONDANSETRON HYDROCHLORIDE (ondansetron hydrochloride); ONDANSETRON (Ondansetron),"1 INDICATIONS AND USAGE Ondansetron tablets are indicated for the prevention of nausea and vomiting associated with: highly emetogenic cancer chemotherapy, including cisplatin greater than or equal to 50 mg/m 2 . initial and repeat courses of moderately emetogenic cancer chemotherapy. radiotherapy in patients receiving either total b || 1 INDICATIONS AND USAGE Ondansetron is indicated for the prevention of nausea and vomiting associated with: • highly emetogenic cancer chemotherapy, including cisplatin greater than or equal to 50 mg/m 2 • initial and repeat courses of moderately emetogenic cancer chemotherapy • radiotherapy in patients receiving either total",NEED_REVIEW
CAND-DIS-0117,Wilson's Disease,,OTHER,Wilson's Disease,ContraindicationsInteractions; SideEffectsWarnings,2,PENICILLAMINE (Penicillamine),"CONTRAINDICATIONS Except for the treatment of Wilson's disease or certain patients with cystinuria, use of penicillamine during pregnancy is contraindicated (see WARNINGS ). Although breast milk studies have not been reported in animals or humans, mothers on therapy with penicillamine should not nurse their infants. Patients with a history of penicil || tion in dosage. In rheumatoid arthritis patients penicillamine should be discontinued if unexplained gross hematuria or persistent microscopic hematuria develops. In patients with Wilson's disease or cystinuria the risks of continued penicillamine therapy in patients manifesting potentially serious urinary abnormalities must be weighed against the expected therapeutic benefits. When penicillamine is used in cystinuria, an annual x-ray for renal stones is advised. Cystine stones form rapidly, som || mother, which may be fatal. *** Scheinberg, I.H.; Sternlieb, I.: N. Engl. J. Med. 293: 1300-1302, Dec. 18, 1975. If penicillamine is adminis",NEED_REVIEW
CAND-DIS-0118,Without Pulmonary Embolism,,CARDIO,Without Pulmonary Embolism,KnownIndications; SideEffectsWarnings,2,ENOXAPARIN SODIUM (Enoxaparin Sodium),"undergoing knee replacement surgery in medical patients who are at risk for thromboembolic complications due to severely restricted mobility during acute illness 1.2 Treatment of Acute Deep Vein Thrombosis Enoxaparin sodium injection is indicated for: the inpatient treatment of acute deep vein thrombosis with or without pulmonary embolism , when administered in conjunction with warfarin sodium the outpatient treatment of acute deep vein thrombosis without pulmonary embolism , when administered i || verely restricted mobility during acute illness, 1,578 for prophylaxis of ischemic complications in unstable angina and non – Q-wave myocardial infarction, 10,176 for treatment of acute ST-elevation myocardial infarction, and 857 for treatment of deep vein thrombosis with or without pulmonary embolism. Enoxaparin sodium doses in the clinical trials for prophylaxis of deep vein thrombosis following abdominal or hip or knee replacement surgery or in medical patients with severely",NEED_REVIEW
